"stud_id","w4priv","w4urban3","w4nright","w4cfree","w4math","w1s502","w4s1081","w4s1082","w4s1083","w4s1084","w4s1085","w4s1086","w4s1134","w4s1135","w4s1136","w4s1144","w4s1145","w4s1146","w4s1151","w4s1152","w4s1153","w4s1154","w4s1155","w4s1156","w4s120","w4s121","w4s122","w4s123","w4s124","w4s125","w4s126","w4s127","w4s1281","w4s1282","w4s1283","w4s1284","w4s1285","w4s1286","w4s1291","w4s1292","w4s1293","w4s1294","w4s1295","w4s1301","w4s1302","w4s1303","w4s1304","w4s1305","w4s1306","w4s409","w4s410","w4s416","w4s417","w4s418","w4pgrm_1","w4pgrm_2","w4pgrm_3","w4pgrm_4","自己的決定","父母","朋友","輔導老師","兄弟姐妹","導師或科任老師","不合理值","工作具挑戰性","有自己的時間","工作穩定、有保障","高收入","能照顧家庭","對社會有貢獻","複選2&(3或5)&(1或4或6)","複選(3或5)&(1或4或6)","複選2&(1或4或6)","w4td01","w4td02","w4td03","w4td04","w4td05","w4td06","w4td07","w4p103","w4faedu","w4fahlth","w4moedu","w4mohlth","male","female","male2","female2","male3","female3","cp09v08_u","cp09v08_ud","cp19v78","cp19v78_k","cp19v66"
15,0,1,30,10,14,0,0,0,0,0,0,1,0,0,1,0,0,0,1,0,0,0,0,0,1,1,1,1,1,1,1,1,1,1,1,0,1,0,0,0,0,1,0,1,0,0,0,0,0,4,4,NA,4,3,1,0,0,0,1,0,0,0,0,0,0,0,0,1,0,0,0,0,0,0,3,3,2,4,4,2,1,1,5,2,2,4,3,3,5,5,1,1,1,5,99,NA,12
37,0,1,28,7,19,0,0,0,0,0,0,1,0,0,0,1,0,0,1,0,0,0,0,0,1,1,1,1,1,1,1,1,1,0,0,1,1,0,0,0,0,1,0,0,0,0,0,1,0,NA,NA,NA,NA,3,0,0,1,0,1,0,0,0,0,0,0,0,0,1,0,0,0,0,0,0,4,4,4,5,4,3,1,1,4,4,4,4,2,3,5,5,1,1,8,4,96,NA,96
65,0,2,22,6,10,0,0,0,0,0,0,1,0,0,1,1,0,0,1,0,0,0,0,0,1,1,3,1,1,1,1,1,1,1,0,0,0,0,0,1,1,0,0,1,0,0,0,0,0,3,3,NA,3,4,1,0,0,0,1,0,0,0,0,0,0,0,0,1,0,0,0,0,0,0,3,3,2,3,4,2,0,1,1,3,1,3,1,1,1,1,0,0,6,7,99,NA,9
139,0,2,39,15,26,1,0,0,0,0,0,1,0,0,1,1,0,0,0,0,0,0,0,1,1,1,1,1,1,1,1,1,0,1,1,1,1,0,0,1,1,0,0,0,1,1,0,1,0,NA,NA,NA,NA,NA,1,0,0,0,1,0,0,0,0,0,0,0,1,0,0,0,0,0,0,0,5,3,5,5,3,2,1,1,2,2,2,4,1,2,4,4,0,1,6,3,99,NA,8
206,0,1,31,11,19,1,0,0,0,0,0,1,0,0,1,0,0,0,1,0,0,0,0,0,4,2,2,2,4,1,1,1,1,1,0,0,0,0,0,0,1,1,0,0,0,0,1,1,0,2,2,NA,2,1,0,0,1,0,1,0,0,0,0,0,0,0,0,0,1,0,0,0,0,0,2,2,1,2,2,3,1,1,3,4,1,3,2,1,5,5,0,1,96,96,96,NA,96
362,1,2,40,15,21,0,0,0,0,0,0,1,0,0,0,0,0,0,1,0,0,0,0,0,2,1,1,1,1,1,1,1,0,0,1,0,1,0,0,1,0,0,0,1,0,0,0,0,0,4,4,NA,4,NA,1,0,0,0,1,0,0,0,0,0,0,1,0,0,0,0,0,0,0,0,5,5,3,5,3,3,1,1,3,4,3,4,3,3,NA,NA,0,0,1,5,97,NA,97
382,0,3,38,12,21,1,0,0,0,0,0,1,0,0,1,1,0,0,1,0,0,0,0,0,2,1,1,1,1,1,1,1,0,0,0,0,1,0,0,1,1,1,0,1,0,0,0,0,0,4,4,NA,4,3,0,1,0,0,1,0,0,0,0,0,0,0,0,0,1,0,0,0,0,0,5,5,4,5,4,2,1,1,2,4,2,4,4,3,6,6,1,1,9,5,99,NA,15
422,1,1,32,11,22,0,0,0,0,0,0,1,0,0,1,0,0,0,1,0,0,0,0,0,2,1,1,1,1,1,1,1,1,1,0,0,1,0,0,1,1,0,0,1,1,1,0,1,0,4,4,NA,4,2,1,0,0,0,1,0,0,0,0,0,0,0,0,1,0,0,0,0,0,0,5,3,4,4,4,2,1,1,3,2,1,2,1,2,3,4,0,0,8,5,99,NA,8
442,0,2,25,9,13,0,0,0,0,0,0,1,0,0,1,0,0,0,1,0,0,0,0,0,2,1,1,1,1,1,1,1,0,1,1,0,0,0,0,0,1,1,0,0,0,0,0,1,0,2,2,NA,2,2,0,0,1,0,1,0,0,0,0,0,0,0,0,1,0,0,0,0,0,0,3,3,2,3,4,1,1,1,4,1,1,3,3,2,3,3,1,0,11,3,96,NA,96
664,1,1,30,12,18,1,1,1,0,0,0,0,0,0,1,1,1,0,0,0,0,1,0,1,4,1,2,2,3,4,1,1,0,0,0,0,0,1,0,1,1,1,0,1,0,0,1,0,0,3,3,NA,3,3,1,0,0,0,1,0,0,0,0,0,0,0,0,1,0,0,0,0,0,0,1,1,1,1,4,2,1,1,2,3,1,4,3,1,5,1,1,0,8,7,99,NA,97
776,0,2,15,7,9,0,0,0,0,0,0,1,0,0,1,0,0,0,1,0,0,0,0,0,1,1,1,1,1,1,1,1,1,1,0,0,0,0,0,0,0,1,0,0,0,0,0,1,0,2,2,NA,2,2,0,0,1,0,1,0,0,0,0,0,0,0,0,0,1,0,0,0,0,0,3,4,4,4,4,1,0,0,2,4,1,4,4,1,3,3,1,0,1,3,96,NA,96
825,1,1,NA,NA,NA,0,0,0,0,0,0,1,0,0,1,0,0,0,0,0,0,0,0,1,1,1,3,1,1,1,1,1,0,0,0,0,1,0,0,0,0,0,1,0,0,0,0,0,1,3,3,NA,3,2,0,1,0,0,0,1,0,0,0,0,0,0,0,1,0,0,0,0,0,0,3,4,4,3,5,2,1,1,4,4,3,4,1,2,3,1,1,0,99,99,99,NA,97
876,0,2,11,3,8,1,0,0,0,0,1,0,0,0,0,0,0,0,1,0,0,0,0,0,1,1,1,1,1,1,1,1,1,0,0,0,0,0,0,0,0,1,0,0,1,0,0,0,0,3,3,NA,3,2,0,0,1,0,0,1,0,0,0,0,0,0,0,1,0,0,0,0,0,0,3,3,2,3,3,2,1,1,6,4,6,4,3,3,5,5,1,1,96,96,96,NA,96
905,1,1,30,11,18,1,1,1,0,0,0,0,0,1,0,0,0,1,1,0,0,0,0,0,2,1,1,1,3,1,1,1,0,0,0,0,1,0,0,1,1,1,0,1,0,0,0,0,0,4,4,NA,4,NA,1,0,0,0,1,0,0,0,0,0,0,0,0,0,0,1,0,0,0,0,4,3,3,3,2,2,0,1,5,4,5,4,2,1,3,4,0,0,1,5,11,NA,13
993,1,1,30,10,11,0,0,0,0,0,0,1,0,0,1,0,0,0,NA,NA,NA,NA,NA,NA,1,1,1,1,1,1,1,1,NA,NA,NA,NA,NA,NA,NA,NA,NA,NA,NA,NA,NA,NA,NA,NA,NA,3,3,NA,3,2,0,0,0,1,1,0,0,0,0,0,0,0,0,0,0,0,1,0,0,0,4,3,5,3,5,1,1,1,2,4,2,4,1,1,4,3,0,0,96,96,96,NA,96
1006,1,1,16,7,11,0,0,0,0,0,0,1,0,1,0,1,0,0,0,0,1,1,0,0,2,1,1,1,1,1,1,1,0,0,0,0,1,0,0,1,1,0,0,0,0,1,0,0,0,4,4,NA,4,3,1,0,0,0,0,1,0,0,0,0,0,0,1,0,0,0,0,0,0,0,4,4,5,4,4,3,1,0,5,3,2,4,4,2,5,5,1,1,6,2,96,NA,96
1025,0,1,45,14,26,0,1,0,0,1,0,0,0,0,1,1,1,0,1,0,0,0,0,0,1,1,1,1,1,1,1,1,1,0,1,0,1,0,0,1,1,0,0,0,0,1,0,0,0,4,4,NA,4,3,1,0,0,0,1,0,0,0,0,0,0,0,0,1,0,0,0,0,0,0,4,3,5,5,4,2,1,1,6,4,4,4,1,1,5,5,1,1,1,2,99,NA,99
1100,0,1,30,9,15,0,1,0,0,0,0,0,0,0,1,0,0,0,1,0,0,0,0,0,1,1,1,1,1,1,1,1,1,1,1,0,1,0,0,1,0,1,0,1,0,0,0,0,0,NA,NA,NA,NA,NA,1,0,0,0,1,0,0,0,0,0,0,0,0,1,0,0,0,0,0,0,4,3,4,4,4,2,1,1,4,2,4,2,2,1,NA,5,1,1,1,4,99,NA,99
1124,0,2,21,6,14,0,0,0,0,0,0,1,0,0,1,0,0,0,1,0,0,0,0,0,2,1,2,1,1,1,1,1,0,0,1,0,1,0,0,1,1,0,0,0,0,0,0,0,1,NA,NA,NA,NA,2,1,0,0,0,1,0,0,0,0,0,0,0,0,1,0,0,0,0,0,0,5,4,5,4,4,1,1,1,2,3,5,4,3,3,1,1,0,0,6,2,99,NA,14
1153,1,1,23,7,13,0,1,1,1,0,1,0,0,0,1,0,0,0,1,0,0,0,0,0,2,1,1,1,1,1,1,1,1,0,1,0,1,0,0,1,0,1,0,0,0,0,0,1,0,NA,NA,NA,NA,4,0,0,1,0,1,0,0,0,0,0,0,0,0,0,1,0,0,0,0,0,5,3,4,4,3,2,0,1,1,3,1,3,1,1,1,1,0,0,8,3,96,NA,96
1248,0,2,42,15,25,1,1,0,0,1,0,0,0,0,1,1,1,0,1,0,0,0,0,0,1,1,1,1,4,1,1,1,0,0,0,0,1,0,0,1,1,1,0,0,1,1,1,0,0,5,5,NA,5,4,1,0,0,0,1,0,0,0,0,0,0,0,0,0,1,0,0,0,0,0,4,4,4,4,4,NA,0,1,5,3,4,3,3,3,5,5,1,1,9,8,96,NA,96
1258,1,1,37,15,20,0,0,0,0,0,0,1,0,0,1,0,0,0,NA,NA,NA,NA,NA,NA,1,1,2,1,1,1,1,1,NA,NA,NA,NA,NA,NA,NA,NA,NA,NA,NA,NA,NA,NA,NA,NA,NA,NA,NA,NA,NA,1,0,0,0,1,0,1,0,0,0,0,0,0,0,1,0,0,0,0,0,0,5,4,5,5,4,2,1,1,1,4,2,3,2,3,4,NA,1,0,8,5,99,NA,12
1337,0,2,34,12,18,0,0,0,0,0,0,1,0,0,1,1,0,0,1,0,0,0,0,0,2,1,1,1,1,1,1,1,1,0,0,0,1,0,0,1,1,0,0,1,0,0,0,0,0,4,4,NA,4,NA,1,0,0,0,1,0,0,0,0,0,0,0,0,1,0,0,0,0,0,0,4,2,4,4,NA,NA,NA,1,3,4,3,4,3,1,5,5,0,0,1,3,99,NA,21
1360,0,1,35,13,23,0,0,0,0,0,0,1,0,0,1,0,0,0,1,0,0,0,0,0,2,1,2,1,1,1,1,1,1,0,1,0,0,0,0,0,0,1,0,0,0,0,0,1,0,2,2,NA,2,2,0,0,1,0,1,0,0,0,0,0,0,0,0,0,1,0,0,0,0,0,4,4,3,4,4,2,0,1,1,4,1,4,4,4,3,3,0,0,99,99,99,NA,7
1425,0,2,26,11,14,0,0,0,0,0,0,1,0,0,0,0,0,0,0,0,1,0,0,0,1,1,1,1,1,1,1,1,1,1,1,0,1,0,0,0,0,1,0,1,0,0,0,0,0,3,3,NA,3,NA,1,0,0,0,1,0,0,0,0,0,0,0,0,1,0,0,0,0,0,0,3,2,5,3,4,3,1,1,1,2,1,3,1,1,1,4,0,0,1,2,99,NA,4
1740,0,1,44,16,27,1,1,0,0,0,0,0,0,0,1,1,1,0,1,0,0,0,0,0,2,1,1,1,2,1,1,1,0,0,0,0,0,1,0,1,1,1,0,1,1,0,0,0,0,3,3,NA,3,3,1,0,0,0,1,0,0,0,0,0,0,0,0,1,0,0,0,0,0,0,4,3,4,4,3,2,0,1,4,4,4,4,3,NA,5,4,1,1,96,96,99,NA,10
1794,0,1,33,11,17,0,1,1,0,0,0,0,0,0,1,1,1,0,0,0,0,1,0,0,1,1,1,1,1,1,1,1,0,0,1,0,1,0,0,1,0,1,0,1,0,0,0,0,0,5,5,NA,5,3,1,0,0,0,1,0,0,0,0,0,0,0,0,0,1,0,0,0,0,0,4,4,4,5,4,2,1,1,4,4,4,4,1,3,NA,1,0,1,1,1,99,NA,97
1819,0,1,39,13,21,0,1,1,1,0,0,0,0,0,1,1,1,0,1,0,0,0,0,0,1,1,1,1,1,1,1,1,1,1,1,0,1,0,0,1,1,0,0,1,0,0,0,0,0,5,5,NA,5,NA,1,0,0,0,1,0,0,0,0,0,0,0,0,0,0,0,1,0,0,0,4,3,4,4,3,2,1,1,1,4,1,4,1,3,6,NA,0,0,1,7,96,NA,96
1855,0,1,40,12,24,1,0,1,0,0,0,0,1,1,0,1,0,0,1,0,0,0,0,0,2,2,2,1,3,2,1,1,1,1,0,0,1,0,0,1,1,1,0,1,0,0,0,0,0,5,5,NA,5,3,1,0,0,0,0,0,1,0,0,0,0,0,1,0,0,0,0,0,0,0,4,4,4,4,4,2,1,1,6,1,4,4,3,3,5,5,1,1,6,3,99,NA,21
1896,0,2,13,4,5,0,0,0,0,0,0,1,0,0,1,0,0,1,1,0,0,0,0,0,1,1,1,1,1,1,1,1,1,0,0,0,0,0,0,0,0,1,0,0,0,0,0,1,0,3,3,NA,3,NA,0,0,1,0,1,0,0,0,0,0,0,0,0,1,0,0,0,0,0,0,4,4,5,4,4,1,0,1,1,2,1,2,3,3,4,4,1,0,96,96,96,NA,96
1908,0,1,42,15,26,1,0,0,0,1,0,0,0,0,1,1,1,0,1,0,0,0,0,0,1,1,1,1,1,1,1,1,1,0,0,0,0,0,0,1,1,1,0,0,1,0,0,0,0,5,5,NA,5,4,1,0,0,0,1,0,0,0,0,0,0,0,0,0,0,0,1,0,0,0,4,4,4,4,5,1,1,1,5,4,5,4,4,4,6,6,0,0,6,8,99,NA,21
1909,1,1,8,3,4,1,0,0,0,0,0,1,0,0,1,0,0,0,1,0,0,0,0,0,2,1,2,2,2,1,1,1,0,0,1,0,0,0,0,0,0,1,0,0,0,0,1,1,0,2,2,NA,2,2,0,1,0,0,1,0,0,0,0,0,0,0,0,0,0,1,0,0,0,0,3,3,3,3,3,2,1,1,3,3,1,2,1,2,1,3,1,1,8,4,96,NA,96
1947,0,1,41,15,23,0,0,0,0,0,0,1,0,0,1,0,0,1,1,0,0,0,0,0,2,1,1,1,1,1,1,1,0,1,1,0,0,0,0,1,1,0,0,1,0,1,0,0,0,4,4,NA,4,1,1,0,0,0,0,1,0,0,0,0,0,0,1,0,0,0,0,0,0,0,5,4,5,4,4,1,NA,1,4,4,2,4,1,1,4,4,1,1,96,96,99,NA,12
1961,0,1,40,13,24,0,1,1,0,0,0,0,0,1,0,0,0,1,1,0,0,0,0,0,1,1,1,1,1,1,1,1,1,1,1,0,0,0,0,1,1,0,0,1,0,0,0,0,0,4,4,NA,4,3,1,0,0,0,1,0,0,0,0,0,0,1,0,0,0,0,0,0,0,0,4,4,5,4,5,2,1,1,4,4,2,4,1,3,1,6,0,1,6,5,96,NA,96
2036,0,1,40,13,23,1,0,1,1,1,0,0,0,0,1,1,1,0,1,0,0,0,0,0,1,1,1,1,1,1,1,1,1,0,1,0,0,0,0,0,1,1,0,0,1,1,0,0,0,5,5,NA,5,NA,1,0,0,0,1,0,0,0,0,0,0,0,1,0,0,0,0,0,0,0,2,2,3,3,3,2,NA,1,5,4,5,4,3,3,6,6,1,0,3,3,99,NA,17
2086,0,1,36,13,23,1,0,0,0,0,0,1,0,0,1,0,1,0,1,0,0,0,0,0,2,1,1,1,1,1,1,1,0,0,1,0,1,0,0,1,1,1,0,0,0,0,0,1,0,5,5,NA,5,NA,0,0,1,0,1,0,0,0,0,0,0,0,0,1,0,0,0,0,0,0,5,4,5,5,5,1,1,0,3,3,2,3,4,1,6,6,1,1,96,96,96,NA,96
2100,0,1,21,6,14,1,0,1,0,1,0,0,0,0,1,0,0,0,1,0,0,0,0,0,1,1,1,1,2,1,1,1,0,0,0,0,0,1,0,0,0,0,1,0,0,0,0,0,1,1,1,NA,1,1,1,0,0,0,1,0,0,0,0,0,0,0,0,1,0,0,0,0,0,0,3,3,5,2,3,3,NA,1,2,4,2,4,1,3,5,5,0,0,8,3,99,NA,8
2142,0,1,39,14,23,0,0,1,0,1,0,0,1,0,0,1,1,0,1,0,0,0,0,0,1,1,1,1,1,1,1,1,0,0,1,0,0,0,0,1,0,1,0,0,1,0,0,0,0,4,4,NA,4,NA,1,0,0,0,1,0,0,0,0,0,0,0,0,1,0,0,0,0,0,0,5,5,5,5,5,2,1,1,6,4,6,4,3,3,5,5,1,0,96,96,96,NA,96
2165,1,2,44,14,28,1,1,0,0,0,0,0,0,0,1,1,1,0,0,1,0,0,0,0,2,1,1,1,2,1,1,1,0,1,1,0,1,0,0,0,0,1,0,0,1,1,0,0,0,3,3,NA,3,NA,1,0,0,0,1,0,0,0,0,0,0,0,0,1,0,0,0,0,0,0,5,5,5,5,5,3,1,1,5,4,2,4,3,3,5,5,1,0,6,7,99,NA,9
2216,0,2,27,8,17,0,0,0,0,0,0,1,0,0,0,0,0,0,1,0,0,0,0,0,2,1,1,2,1,1,1,1,0,1,0,0,1,0,0,1,1,0,0,1,0,0,0,0,0,3,3,NA,3,3,1,0,0,0,1,0,0,0,0,0,0,0,0,0,1,0,0,0,0,0,4,3,4,4,4,2,1,1,2,3,2,4,3,2,4,4,0,1,1,1,7,NA,8
2276,0,1,44,14,24,1,1,0,0,0,0,0,0,1,0,0,1,0,0,1,0,1,0,0,3,1,3,2,1,1,1,1,0,0,0,0,1,0,0,1,1,0,0,0,1,0,0,0,0,5,5,NA,5,NA,1,0,0,0,1,0,0,0,0,0,0,1,0,0,0,0,0,0,0,0,3,4,3,3,3,2,NA,1,3,4,3,4,3,3,1,1,0,0,8,3,96,NA,96
2517,0,1,35,11,19,0,0,0,0,0,0,1,0,0,1,1,0,0,0,0,1,0,0,0,1,1,1,1,1,1,1,1,1,0,1,0,1,0,0,0,0,1,0,1,0,0,0,0,0,5,5,NA,5,NA,1,0,0,0,1,0,0,0,0,0,0,0,1,0,0,0,0,0,0,0,3,1,2,3,2,2,0,1,5,3,5,4,3,1,4,5,0,0,8,3,99,NA,5
2583,0,2,30,13,17,0,0,0,0,0,0,1,0,0,1,0,1,0,1,0,0,0,0,0,1,1,1,1,1,1,1,1,1,1,1,0,0,0,0,0,0,1,0,1,0,0,0,0,0,4,4,NA,4,3,1,0,0,0,1,0,0,0,0,0,0,0,0,0,0,1,0,0,0,0,4,4,4,4,3,2,1,1,5,3,5,3,2,2,5,4,1,0,11,5,99,NA,21
2707,0,2,33,12,20,0,0,1,0,0,0,0,0,0,1,1,1,0,1,0,0,0,0,0,3,1,1,1,1,1,1,1,1,0,1,0,0,0,0,0,1,1,0,1,0,0,0,1,0,4,4,NA,4,3,0,1,0,0,0,0,0,0,0,1,0,0,1,0,0,0,0,0,0,0,3,2,3,3,3,3,1,1,4,3,4,3,3,3,5,1,1,1,6,2,99,NA,14
2905,0,2,45,16,26,0,0,1,0,0,0,0,0,0,1,1,1,0,1,0,0,0,0,0,2,1,1,1,2,1,1,1,0,1,1,0,0,0,0,1,0,1,0,0,1,0,0,0,0,4,4,NA,4,2,1,0,0,0,1,0,0,0,0,0,0,1,0,0,0,0,0,0,0,0,4,4,4,4,4,2,1,1,3,3,3,3,3,3,5,5,1,1,96,96,96,NA,96
3181,0,1,22,10,12,0,1,1,1,0,1,0,0,0,1,1,1,0,1,0,0,0,0,0,1,1,1,1,1,1,1,1,1,1,0,0,1,0,0,0,0,1,0,0,0,0,0,1,0,NA,NA,NA,NA,2,0,0,1,0,1,0,0,0,0,0,0,0,0,0,1,0,0,0,0,0,3,3,3,3,3,2,1,1,2,4,2,3,3,2,3,3,0,0,9,3,96,NA,96
3501,0,1,44,14,26,1,1,1,0,1,0,0,0,0,1,1,1,0,1,0,0,0,0,0,2,1,1,1,3,1,1,1,0,0,1,0,1,0,0,0,0,1,0,0,1,1,0,0,0,5,5,NA,5,4,1,0,0,0,0,1,0,0,0,0,0,0,0,1,0,0,0,0,0,0,3,2,3,2,2,2,NA,1,5,3,2,3,2,3,5,5,0,0,96,96,96,NA,96
3525,1,2,14,7,10,0,0,0,0,0,0,1,0,0,0,0,0,0,1,0,0,0,0,0,1,1,1,1,1,1,1,1,0,0,0,0,0,1,0,0,0,1,0,0,0,0,0,1,0,2,2,NA,2,2,0,0,1,0,1,0,0,0,0,0,0,0,0,0,0,1,0,0,0,0,3,3,3,3,3,2,1,1,3,3,2,3,2,2,3,3,0,0,96,96,96,NA,96
3626,0,2,28,14,13,1,0,0,0,0,0,1,0,0,0,1,0,0,1,0,0,0,0,0,2,1,1,1,3,1,1,1,0,0,1,0,1,0,0,0,0,1,0,0,0,0,0,1,0,5,5,NA,5,2,0,0,1,0,0,1,0,0,0,0,0,0,0,1,0,0,0,0,0,0,4,4,4,4,3,2,1,0,3,3,3,3,4,1,3,3,0,0,6,3,99,NA,7
3659,1,1,30,10,21,0,0,0,0,0,1,0,0,0,1,0,0,1,0,0,0,1,1,0,2,1,1,1,1,1,1,1,1,0,1,0,1,0,0,1,1,1,0,0,1,1,0,1,0,4,4,NA,4,3,1,0,0,0,1,0,0,0,0,0,0,1,0,0,0,0,0,0,0,0,4,5,4,4,4,2,1,1,4,3,4,3,3,3,4,4,1,1,8,8,99,NA,11
3947,0,1,28,12,19,0,1,1,1,0,1,0,0,0,1,1,1,0,1,0,0,0,0,0,3,1,1,1,1,1,1,1,1,1,1,1,1,0,0,0,1,1,0,0,0,0,0,1,0,4,4,NA,4,2,0,0,1,0,0,0,1,0,0,0,0,0,0,1,0,0,0,0,0,0,3,3,4,5,3,1,1,1,2,4,2,4,1,3,3,3,1,0,8,5,99,NA,9
4090,0,1,44,15,24,1,0,0,0,1,0,0,0,0,1,1,1,0,1,0,0,0,0,0,1,1,1,1,4,2,1,1,0,0,0,0,0,1,0,0,0,1,0,0,1,0,0,0,0,5,5,NA,5,NA,1,0,0,0,1,0,0,0,0,0,0,0,0,0,1,0,0,0,0,0,3,3,2,3,3,2,0,1,2,3,2,3,2,2,6,6,1,1,6,2,99,NA,6
4147,1,1,44,15,26,1,1,0,1,1,0,0,0,0,0,1,1,0,1,0,0,0,0,0,1,1,1,1,1,1,1,1,1,0,1,0,1,0,0,1,1,1,0,0,1,1,0,0,0,5,5,NA,5,3,1,0,0,0,1,0,0,0,0,0,0,0,0,0,0,0,1,0,0,0,5,3,4,4,4,3,1,1,4,3,2,4,3,4,6,5,0,1,1,7,98,NA,98
4209,0,1,45,16,25,1,1,1,1,1,0,0,0,0,1,1,1,0,1,0,0,0,0,0,3,1,2,2,3,1,1,1,0,0,1,0,1,0,0,0,1,1,0,1,0,0,0,0,0,4,4,NA,4,2,1,0,0,0,1,0,0,0,0,0,0,0,1,0,0,0,0,0,0,0,4,3,3,4,4,1,1,1,5,3,5,3,3,3,5,5,1,1,6,3,96,NA,96
4278,0,1,44,13,25,0,0,0,0,0,0,1,0,0,1,0,0,0,1,0,0,0,0,0,1,1,1,1,1,1,1,1,1,1,1,1,1,0,0,0,1,1,0,1,0,0,1,0,0,4,4,NA,4,2,1,0,0,0,1,0,0,0,0,0,0,0,0,1,0,0,0,0,0,0,5,5,4,5,4,2,0,1,4,3,2,3,4,3,4,4,1,1,1,3,96,NA,96
4367,1,2,14,6,8,1,0,0,0,0,0,1,0,0,0,0,0,0,1,0,0,0,0,0,2,1,1,1,2,1,1,2,0,0,0,0,1,0,0,1,1,0,0,0,0,0,0,1,0,NA,NA,NA,NA,NA,0,1,0,0,1,0,0,0,0,0,0,0,0,1,0,0,0,0,0,0,3,2,4,3,2,3,0,1,4,4,1,3,3,2,3,3,0,1,6,3,99,NA,8
4413,1,1,28,10,18,1,0,0,0,0,0,1,0,0,1,0,0,0,1,0,0,0,0,0,2,1,1,1,2,1,1,1,0,1,1,0,1,0,0,1,1,0,0,0,0,0,0,1,0,4,4,NA,4,2,1,0,0,0,1,0,0,0,0,0,0,0,1,0,0,0,0,0,0,0,2,2,2,2,2,1,NA,1,3,4,2,4,3,3,3,3,0,0,2,7,96,NA,96
4507,1,1,13,4,7,1,1,1,0,0,1,0,0,0,1,0,1,0,1,0,0,0,0,0,3,1,1,1,3,2,1,1,1,0,0,0,0,0,0,0,0,1,0,0,0,0,0,1,0,2,2,NA,2,3,0,0,1,0,0,1,0,0,0,0,0,0,0,1,0,0,0,0,0,0,4,5,4,4,4,2,1,1,3,4,4,3,3,3,6,6,1,1,96,96,96,NA,96
5075,1,1,36,13,21,0,0,0,0,0,0,1,0,0,1,0,0,0,1,0,0,0,0,0,1,1,1,1,1,1,1,1,1,0,1,0,1,0,0,0,1,1,0,0,0,0,1,1,0,2,2,NA,2,3,0,0,1,0,1,0,0,0,0,0,0,0,0,1,0,0,0,0,0,0,4,3,3,3,3,4,1,1,3,3,3,3,3,2,NA,NA,0,0,6,3,99,NA,7
5096,0,1,39,13,25,0,1,1,0,0,0,0,0,1,0,1,1,0,1,0,0,0,0,0,1,1,1,1,1,1,1,1,0,1,1,0,0,0,0,1,1,1,0,1,1,0,0,1,0,4,4,NA,4,NA,1,0,0,0,1,0,0,0,0,0,0,0,0,1,0,0,0,0,0,0,3,3,3,2,4,1,1,1,4,4,2,4,3,2,5,6,0,0,6,3,96,NA,96
5132,0,1,41,16,23,1,1,1,0,0,0,0,1,1,0,1,1,0,1,0,0,0,0,0,1,1,1,1,2,1,1,1,1,1,1,1,1,0,0,1,0,1,0,1,0,0,0,0,0,5,5,NA,5,2,1,0,0,0,1,0,0,0,0,0,0,0,0,1,0,0,0,0,0,0,3,3,4,3,3,NA,NA,1,1,3,1,3,1,1,1,1,1,1,8,3,99,NA,5
5134,0,2,34,12,21,0,1,1,0,1,0,0,0,0,1,1,1,0,1,0,0,0,0,0,1,1,1,1,1,1,1,1,1,1,1,0,1,0,0,0,1,1,0,0,1,0,0,0,0,3,3,NA,3,2,1,0,0,0,0,1,0,0,0,0,0,0,0,1,0,0,0,0,0,0,3,2,4,3,3,2,NA,1,4,2,4,3,1,1,5,5,0,0,1,3,99,NA,13
5214,0,2,39,14,21,1,1,1,1,0,1,0,0,0,1,0,1,0,1,0,0,0,0,0,2,1,1,1,2,1,1,1,0,1,1,1,1,0,0,1,1,1,0,0,0,0,0,1,0,5,5,NA,5,2,0,0,1,0,1,0,0,0,0,0,0,0,0,1,0,0,0,0,0,0,3,4,1,3,4,1,0,1,1,4,2,3,1,1,1,1,0,0,96,96,96,NA,96
5223,1,2,16,7,8,0,0,0,0,0,0,1,0,0,1,0,0,1,1,0,0,0,0,0,1,1,1,1,1,1,1,1,1,0,0,0,0,0,0,0,0,1,0,0,0,0,0,1,0,2,2,NA,2,1,0,0,1,0,1,0,0,0,0,0,0,0,0,1,0,0,0,0,0,0,4,3,4,4,5,2,1,1,1,3,1,3,3,3,3,3,0,0,96,96,96,NA,96
5292,0,1,NA,NA,NA,0,1,0,0,0,0,0,0,0,1,1,1,0,1,0,0,0,0,0,1,1,1,1,1,1,1,1,1,1,0,0,1,0,0,1,0,1,0,1,0,0,0,0,0,4,4,NA,4,2,1,0,0,0,0,0,1,0,0,0,0,0,0,1,0,0,0,0,0,0,4,3,4,4,3,3,NA,1,4,4,5,4,1,1,NA,1,1,0,1,8,99,NA,7
5325,0,2,20,7,12,1,0,0,0,0,0,1,0,0,1,1,0,0,1,0,0,0,0,0,3,1,2,2,3,1,1,1,0,0,1,0,1,0,0,1,1,0,0,1,0,0,0,0,0,4,4,NA,4,2,1,0,0,0,1,0,0,0,0,0,0,0,1,0,0,0,0,0,0,0,2,2,1,5,1,1,1,1,2,1,2,2,1,1,4,4,1,0,8,5,99,NA,7
5338,1,2,13,4,9,0,0,0,0,0,0,1,0,0,1,0,0,0,0,0,0,0,0,1,1,1,1,1,1,1,1,1,1,0,0,0,0,0,0,0,0,1,0,0,0,0,0,1,0,2,2,NA,2,3,0,0,1,0,0,0,1,0,0,0,0,0,0,0,0,0,1,0,0,0,3,2,4,3,3,2,0,1,1,3,1,4,1,1,3,4,0,0,9,5,99,NA,8
5343,0,1,45,16,28,0,1,1,0,0,0,0,0,0,1,1,1,0,1,0,0,0,0,0,1,1,1,1,1,1,1,1,1,1,1,0,0,0,0,0,0,1,0,0,1,0,0,0,0,5,5,NA,5,NA,1,0,0,0,1,0,0,0,0,0,0,0,1,0,0,0,0,0,0,0,4,4,4,4,3,1,1,1,6,3,5,4,1,1,1,1,1,0,97,97,96,NA,96
5383,0,1,44,16,24,0,1,1,0,1,0,0,0,1,0,1,1,0,1,0,0,0,0,0,2,1,1,1,1,1,1,1,1,1,1,0,1,0,0,0,1,1,0,0,0,1,0,0,0,5,5,NA,5,3,1,0,0,0,1,0,0,0,0,0,0,0,0,1,0,0,0,0,0,0,3,NA,3,3,2,3,NA,1,4,3,6,4,3,3,4,1,1,0,8,5,96,NA,96
5386,1,1,35,14,17,0,0,0,0,0,0,1,0,0,1,0,0,0,1,0,0,0,0,0,1,1,1,1,1,1,1,1,0,1,0,0,1,0,0,1,1,0,0,1,0,0,0,0,0,5,5,NA,5,NA,1,0,0,0,1,0,0,0,0,0,0,0,0,0,0,1,0,0,0,0,4,3,4,4,4,2,0,1,3,4,1,2,3,3,5,5,0,1,96,96,96,NA,96
5421,0,1,34,10,18,1,1,0,0,0,0,0,0,0,1,0,1,0,1,0,0,0,0,0,2,1,1,1,2,1,1,1,0,0,1,0,1,0,0,0,0,1,0,1,0,0,0,0,0,4,4,NA,4,NA,1,0,0,0,1,0,0,0,0,0,0,0,0,0,1,0,0,0,0,0,5,4,3,4,3,2,1,1,1,4,3,4,3,3,6,6,1,1,6,8,99,NA,97
5555,1,1,21,8,9,1,0,0,0,0,0,1,0,0,1,0,0,0,NA,NA,NA,NA,NA,NA,1,1,1,1,1,1,1,1,NA,NA,NA,NA,NA,NA,NA,NA,NA,NA,NA,NA,NA,NA,NA,NA,NA,2,2,NA,2,1,0,0,0,1,0,0,0,0,0,1,0,0,0,1,0,0,0,0,0,0,3,3,4,3,4,1,0,1,1,4,2,4,3,3,3,3,1,0,96,96,96,NA,96
5577,1,1,33,9,22,1,0,0,0,0,0,1,0,0,1,0,0,0,0,1,0,0,0,0,2,1,1,1,2,1,1,1,0,0,1,0,1,0,0,0,0,0,1,0,1,0,0,0,0,3,3,NA,3,3,1,0,0,0,1,0,0,0,0,0,0,0,0,1,0,0,0,0,0,0,4,4,3,4,3,3,0,1,3,4,2,3,3,1,4,4,0,0,6,3,96,NA,96
5666,0,1,39,12,21,0,0,1,0,0,0,0,0,0,0,1,1,0,0,0,1,0,0,0,1,1,1,1,1,1,1,1,0,0,1,0,0,0,0,0,1,0,0,0,0,0,0,0,1,4,4,NA,4,3,1,0,0,0,0,1,0,0,0,0,0,0,0,0,1,0,0,0,0,0,3,3,2,4,3,NA,1,1,5,4,5,4,3,2,4,5,0,0,6,4,7,NA,9
5728,0,2,19,6,12,0,0,0,0,0,0,1,0,0,1,0,0,0,1,0,0,0,0,0,2,1,1,1,1,1,1,1,0,1,0,0,0,0,0,1,0,1,0,0,0,0,0,1,0,2,2,NA,2,2,0,0,1,0,0,1,0,0,0,0,0,0,0,1,0,0,0,0,0,0,3,3,4,4,4,2,0,1,2,3,2,4,4,3,5,3,1,0,96,96,6,NA,7
5931,0,2,40,11,23,0,1,0,1,0,0,0,0,0,1,1,1,0,1,0,0,0,0,0,1,1,1,1,1,1,1,1,1,0,1,0,1,0,0,1,1,1,0,1,0,0,0,0,0,NA,NA,NA,NA,NA,1,0,0,0,0,1,0,0,0,0,0,0,0,1,0,0,0,0,0,0,4,4,4,4,4,2,1,1,4,4,2,4,3,1,5,1,1,1,8,3,96,NA,96
5984,1,2,31,9,25,1,0,0,0,1,0,0,1,1,0,1,1,0,1,0,0,0,0,0,2,1,1,1,2,1,1,1,1,0,0,0,0,0,0,1,1,1,0,0,1,0,0,0,0,4,4,NA,4,2,1,0,0,0,1,0,0,0,0,0,0,0,0,1,0,0,0,0,0,0,4,3,2,4,4,1,0,1,6,4,4,4,2,2,5,6,1,1,8,8,96,NA,96
6016,0,2,22,6,13,0,0,0,0,0,0,1,0,0,1,0,0,0,1,0,0,0,0,0,2,1,1,1,1,1,1,1,0,0,1,0,1,0,0,0,1,0,0,1,0,0,0,0,0,3,3,NA,3,2,1,0,0,0,1,0,0,0,0,0,0,0,0,1,0,0,0,0,0,0,5,4,4,5,3,2,0,1,3,4,1,4,1,1,4,1,0,0,1,2,99,NA,9
6026,0,2,33,11,24,1,1,0,0,0,0,0,0,0,1,0,1,0,1,0,0,0,0,0,1,1,1,1,1,1,1,1,1,0,0,0,0,0,0,1,0,0,0,0,1,0,0,0,0,4,4,NA,4,2,1,0,0,0,1,0,0,0,0,0,0,1,0,0,0,0,0,0,0,0,3,2,5,3,3,2,0,1,2,4,2,4,3,3,5,5,0,0,96,96,99,NA,9
6123,0,1,40,12,25,0,1,0,0,0,0,0,0,0,1,1,1,0,1,0,0,0,0,0,1,1,1,1,1,1,1,1,0,0,1,0,0,0,0,1,1,1,0,1,0,0,0,0,0,4,4,NA,4,3,1,0,0,0,1,0,0,0,0,0,0,0,1,0,0,0,0,0,0,0,1,1,1,2,2,4,1,1,6,4,5,3,3,3,5,5,1,0,6,7,99,NA,8
6222,1,1,41,14,24,0,0,1,1,0,0,0,1,0,0,1,1,0,1,0,0,0,0,0,1,1,1,1,1,1,1,1,0,1,0,0,1,0,0,0,0,1,0,1,0,0,0,0,0,4,4,NA,4,3,1,0,0,0,1,0,0,0,0,0,0,0,0,0,1,0,0,0,0,0,4,4,4,4,4,2,NA,1,3,4,2,4,3,3,6,5,1,0,6,3,10,NA,11
6224,1,2,46,16,27,1,1,0,0,0,0,0,0,0,1,1,1,0,0,1,0,0,0,0,1,1,1,1,1,1,1,1,0,0,0,0,1,0,0,1,0,0,0,0,1,0,0,0,0,5,5,NA,5,2,1,0,0,0,1,0,0,0,0,0,0,0,0,1,0,0,0,0,0,0,4,3,3,5,4,3,1,0,6,4,5,3,4,1,6,6,1,0,6,7,96,NA,96
6272,0,1,43,14,24,0,0,1,0,1,0,0,0,0,1,0,1,0,0,1,0,0,0,0,1,1,1,1,1,1,1,1,1,0,0,0,1,0,0,1,1,0,0,0,1,1,0,0,0,4,4,NA,4,4,1,0,0,0,1,0,0,0,0,0,0,0,0,0,0,0,1,0,0,0,4,3,3,3,3,2,1,1,6,4,6,4,3,2,NA,5,1,1,8,2,99,NA,9
6312,0,1,37,10,20,1,0,1,0,0,0,0,0,0,1,1,1,0,1,0,0,0,0,0,1,1,1,1,1,1,1,1,0,0,0,0,0,1,0,0,0,0,1,1,0,0,0,0,0,NA,NA,NA,NA,NA,1,0,0,0,1,0,0,0,0,0,0,0,0,0,1,0,0,0,0,0,3,3,2,3,2,3,0,1,5,4,5,4,3,2,5,5,1,1,1,3,99,NA,97
6336,1,1,23,9,12,0,0,0,0,0,0,1,0,0,1,0,0,0,1,0,0,0,0,0,2,1,1,1,2,1,1,1,1,1,0,0,1,0,0,1,0,1,0,0,0,0,0,1,0,3,3,NA,3,2,0,0,1,0,1,0,0,0,0,0,0,0,0,1,0,0,0,0,0,0,4,3,4,4,4,2,1,1,4,2,2,3,3,3,3,3,0,0,3,5,99,NA,9
6512,0,1,27,10,14,0,1,1,1,0,1,0,0,0,1,0,1,0,1,0,0,0,0,0,2,1,1,1,1,1,1,1,1,1,1,0,1,0,0,0,1,1,0,0,0,0,0,1,0,NA,NA,NA,NA,2,0,0,1,0,0,0,0,0,0,1,0,0,0,1,0,0,0,0,0,0,4,2,3,4,3,2,0,1,1,4,1,3,2,1,3,1,0,0,8,3,99,NA,8
6531,1,1,20,5,10,0,1,1,1,0,0,0,0,0,0,1,1,0,1,0,0,0,0,0,2,1,2,1,1,1,1,1,1,1,1,0,1,0,0,1,1,1,0,1,0,0,0,0,0,NA,NA,NA,NA,1,1,0,0,0,1,0,0,0,0,0,0,0,0,1,0,0,0,0,0,0,4,4,5,5,4,2,0,1,2,3,3,3,2,2,5,5,1,1,96,96,99,NA,10
6550,1,2,45,14,25,0,0,1,0,0,0,0,0,0,1,0,1,0,0,1,0,0,0,0,2,1,1,1,1,1,1,1,0,0,0,0,1,0,0,0,1,0,0,1,1,1,0,0,0,4,4,NA,4,2,1,0,0,0,1,0,0,0,0,0,0,0,1,0,0,0,0,0,0,0,4,3,2,3,3,2,0,1,6,4,6,4,3,2,6,6,1,1,96,96,7,NA,14
6582,0,1,40,13,23,0,1,1,0,0,0,0,0,1,0,1,1,0,1,0,0,0,0,0,2,1,1,1,2,1,1,1,0,1,1,0,1,0,0,1,1,1,0,0,1,0,0,0,0,4,4,NA,4,4,1,0,0,0,1,0,0,0,0,0,0,0,1,0,0,0,0,0,0,0,4,3,3,3,3,2,0,1,1,4,1,4,1,1,NA,1,0,0,6,3,99,NA,6
6621,1,1,24,7,16,0,0,0,0,0,0,1,0,0,1,0,0,0,NA,NA,NA,NA,NA,NA,2,1,1,1,1,1,1,1,NA,NA,NA,NA,NA,NA,NA,NA,NA,NA,NA,NA,NA,NA,NA,NA,NA,NA,NA,NA,NA,2,0,0,0,1,1,0,0,0,0,0,0,0,0,1,0,0,0,0,0,0,3,4,2,3,3,1,1,1,4,4,4,2,3,3,3,5,0,0,96,96,96,NA,96
6649,0,1,44,16,24,1,0,0,0,1,0,0,0,0,1,1,0,0,1,0,0,0,0,0,2,1,2,1,3,1,1,1,1,1,1,0,0,0,0,0,0,1,0,1,0,1,0,0,0,4,4,NA,4,3,1,0,0,0,0,0,1,0,0,0,0,0,0,1,0,0,0,0,0,0,4,3,4,4,4,2,0,1,5,3,4,3,3,3,4,5,1,1,6,5,99,NA,6
6770,0,1,38,10,23,0,1,1,0,0,0,0,0,0,0,1,1,0,1,0,0,0,0,0,1,1,1,1,1,1,1,1,0,0,1,0,1,0,0,1,0,1,0,1,0,0,0,0,0,NA,NA,NA,NA,2,1,0,0,0,1,0,0,0,0,0,0,0,0,1,0,0,0,0,0,0,4,4,5,4,4,1,1,1,6,4,5,4,2,4,5,5,1,0,6,3,98,NA,98
6842,0,1,33,13,17,0,1,0,0,0,0,0,0,0,1,0,1,0,1,0,0,0,0,0,2,1,1,1,3,1,1,1,0,0,0,0,0,1,0,0,0,0,1,1,0,0,0,0,0,3,3,NA,3,1,1,0,0,0,1,0,0,0,0,0,0,0,0,1,0,0,0,0,0,0,3,3,4,4,3,2,1,1,1,2,1,2,4,1,4,4,0,0,6,3,99,NA,9
6929,0,1,33,11,19,0,1,1,0,0,0,0,0,0,1,1,1,0,0,0,0,1,0,0,1,1,1,1,1,1,1,1,0,1,1,0,1,0,0,1,1,1,0,1,0,0,0,0,0,4,4,NA,4,2,1,0,0,0,1,0,0,0,0,0,0,0,0,0,1,0,0,0,0,0,4,4,4,4,4,2,0,1,6,3,4,3,2,2,4,5,1,0,96,96,99,NA,8
6963,0,2,26,10,15,0,0,0,0,0,0,1,0,0,1,1,0,0,1,0,0,0,0,0,1,1,1,1,1,1,1,1,1,1,0,0,1,0,0,0,0,1,0,1,0,0,0,0,0,4,4,NA,4,2,1,0,0,0,1,0,0,0,0,0,0,0,0,0,1,0,0,0,0,0,3,4,4,4,3,2,1,1,2,3,1,3,2,3,4,4,1,0,1,2,99,NA,15
7042,1,1,27,13,11,0,0,0,0,0,0,1,0,0,1,1,0,0,1,0,0,0,0,0,2,1,1,1,1,1,1,1,1,1,1,0,1,0,0,0,0,1,0,1,0,0,0,0,0,4,4,NA,4,2,1,0,0,0,1,0,0,0,0,0,0,0,0,1,0,0,0,0,0,0,5,5,5,5,4,3,0,1,3,3,1,2,3,1,4,4,0,0,3,5,96,NA,96
7125,0,2,22,6,14,1,1,0,0,0,1,0,0,1,0,0,1,0,1,0,0,0,0,0,3,1,1,1,3,1,1,1,0,1,1,0,0,0,0,0,1,1,0,0,0,0,0,1,0,3,3,NA,3,3,0,0,1,0,0,0,0,0,0,1,0,0,0,0,1,0,0,0,0,0,5,4,3,5,3,1,1,1,4,4,1,4,3,3,3,4,1,0,9,7,99,NA,5
7387,1,2,36,12,25,0,1,0,0,1,0,0,1,1,0,1,1,0,1,0,0,0,0,0,1,1,1,1,1,1,1,1,1,0,0,0,1,0,0,1,0,1,0,0,1,1,0,0,0,4,4,NA,4,3,1,0,0,0,1,0,0,0,0,0,0,0,0,0,1,0,0,0,0,0,5,3,5,4,4,2,1,1,4,3,3,3,3,3,6,5,1,1,96,96,96,NA,96
7431,0,2,38,15,22,0,0,0,0,0,0,1,0,0,1,0,0,0,0,0,1,0,0,0,1,1,1,1,1,1,1,1,1,1,1,0,1,0,0,1,0,1,0,1,0,0,0,0,0,5,5,NA,5,2,1,0,0,0,1,0,0,0,0,0,0,0,0,1,0,0,0,0,0,0,4,4,4,5,4,2,1,1,3,4,4,3,3,1,4,1,1,0,6,4,96,NA,96
7547,0,2,37,13,21,0,0,0,0,0,0,1,0,0,1,0,0,0,1,0,0,0,0,0,3,1,1,1,2,1,1,1,1,0,0,0,1,0,0,0,0,1,0,1,0,0,0,0,0,3,3,NA,3,2,1,0,0,0,1,0,0,0,0,0,0,0,1,0,0,0,0,0,0,0,4,3,3,4,3,2,1,1,2,4,1,4,2,2,1,4,0,1,96,96,96,NA,96
7562,0,1,39,13,22,1,1,1,1,0,0,0,0,0,1,1,1,0,1,0,0,0,0,0,1,1,1,2,2,1,1,1,1,0,1,0,1,0,0,0,0,1,0,0,1,0,0,0,0,4,4,NA,4,2,1,0,0,0,1,0,0,0,0,0,0,0,0,1,0,0,0,0,0,0,3,3,2,4,3,2,1,1,4,4,2,4,4,4,5,5,1,1,6,3,96,NA,96
7624,0,1,45,15,27,0,0,0,0,0,0,1,0,0,1,1,0,0,1,0,0,0,0,0,1,1,1,1,1,1,1,1,0,1,1,0,0,0,0,0,0,1,0,0,0,1,0,0,0,5,5,NA,5,2,1,0,0,0,1,0,0,0,0,0,0,0,0,1,0,0,0,0,0,0,4,4,5,4,3,2,1,1,1,4,2,3,3,3,5,5,1,1,96,96,99,NA,7
7745,0,2,18,9,9,1,0,0,0,0,0,1,0,0,1,0,0,0,1,0,0,0,0,0,2,1,2,1,2,1,1,1,0,0,1,0,1,0,0,1,1,0,0,1,0,0,1,0,0,2,2,NA,2,2,1,0,0,0,1,0,0,0,0,0,0,0,1,0,0,0,0,0,0,0,4,5,2,4,2,2,0,1,4,4,1,3,2,3,4,4,1,1,4,8,96,NA,96
8035,1,2,28,9,16,0,1,1,0,0,0,0,0,1,0,1,1,0,1,0,0,0,0,0,1,1,1,2,1,1,1,1,0,1,1,0,0,0,0,1,1,1,0,1,0,0,0,0,0,4,4,NA,4,1,1,0,0,0,1,0,0,0,0,0,0,0,0,0,0,1,0,0,0,0,5,5,4,5,2,3,1,1,1,3,1,3,3,3,6,6,1,1,6,3,99,NA,10
8077,0,2,32,12,13,1,1,1,1,0,0,0,0,0,1,0,1,0,1,0,0,0,0,0,3,1,2,1,3,2,1,1,0,0,0,0,1,0,0,1,0,0,0,1,0,0,0,0,0,4,4,NA,4,3,1,0,0,0,1,0,0,0,0,0,0,0,0,0,1,0,0,0,0,0,5,5,5,5,5,NA,1,1,2,3,3,4,3,3,3,4,1,0,1,5,9,NA,15
8119,1,3,11,3,6,1,0,0,0,0,0,1,0,0,1,0,0,0,0,0,0,0,1,0,2,1,1,1,3,2,1,1,0,0,0,0,0,1,0,0,0,0,1,0,1,0,0,0,0,3,3,NA,3,3,1,0,0,0,1,0,0,0,0,0,0,0,1,0,0,0,0,0,0,0,5,4,5,5,4,1,1,0,1,2,2,3,2,1,4,4,0,0,96,96,96,NA,96
8124,0,1,36,11,22,1,0,0,0,0,0,1,0,0,1,0,0,1,1,0,0,0,0,0,2,1,2,2,1,1,1,1,1,0,1,0,0,0,0,0,0,0,1,0,0,0,0,1,0,NA,NA,NA,NA,1,0,0,1,0,1,0,0,0,0,0,0,0,0,1,0,0,0,0,0,0,2,2,4,3,3,2,NA,0,5,3,2,2,3,3,4,3,1,1,8,8,96,NA,96
8190,1,1,25,9,18,1,0,0,0,0,0,1,0,0,0,0,0,0,1,0,0,0,0,0,2,1,1,1,1,1,1,1,0,0,0,0,0,1,0,0,0,1,0,0,0,0,0,1,0,NA,NA,NA,NA,2,0,0,1,0,0,1,0,0,0,0,0,0,0,1,0,0,0,0,0,0,4,4,5,4,4,2,1,1,1,4,1,3,3,3,3,3,1,0,6,5,99,NA,10
8192,1,2,17,7,9,0,0,0,0,0,0,1,0,0,1,0,0,0,1,0,0,0,0,0,2,1,1,1,1,1,1,1,1,0,0,0,0,0,0,0,0,1,0,0,0,0,0,1,0,2,2,NA,2,1,0,0,1,0,1,0,0,0,0,0,0,0,0,1,0,0,0,0,0,0,4,4,4,3,4,2,0,1,4,3,1,3,3,1,3,3,1,0,8,3,99,NA,9
8262,0,2,44,15,26,0,1,0,0,1,0,0,0,1,0,1,1,0,1,0,0,0,0,0,1,1,1,1,1,1,1,1,0,0,0,0,0,1,0,0,0,1,0,0,1,0,0,0,0,5,5,NA,5,3,1,0,0,0,1,0,0,0,0,0,0,0,0,0,1,0,0,0,0,0,3,4,3,4,3,2,1,1,6,4,4,3,3,3,5,5,0,0,96,96,99,NA,7
8411,0,2,38,12,24,0,0,0,1,0,0,0,0,0,0,1,1,0,1,0,0,0,0,0,1,1,1,1,1,1,1,1,1,0,1,0,0,0,0,1,0,1,0,1,0,0,0,0,0,3,3,NA,3,1,1,0,0,0,1,0,0,0,0,0,0,0,1,0,0,0,0,0,0,0,3,3,4,3,3,1,NA,1,2,4,3,3,3,2,5,5,1,1,96,96,96,NA,96
8425,0,1,42,15,25,0,0,0,0,1,0,0,0,0,1,0,1,0,1,0,0,0,0,0,1,1,1,1,1,1,1,1,1,0,0,0,1,0,0,0,1,1,0,1,0,1,0,0,0,4,4,NA,4,3,1,0,0,0,1,0,0,0,0,0,0,0,1,0,0,0,0,0,0,0,4,4,4,4,4,3,1,1,5,2,6,3,3,2,1,5,0,0,3,5,96,NA,96
8447,0,2,27,11,18,0,1,1,0,1,1,0,1,0,0,1,1,0,0,0,0,0,0,1,1,1,1,1,1,1,1,1,1,0,1,0,1,0,0,1,1,1,0,0,0,0,0,1,0,5,5,NA,5,2,0,1,0,0,0,1,0,0,0,0,0,0,0,1,0,0,0,0,0,0,4,2,3,4,3,2,1,1,2,4,2,4,3,1,3,3,1,1,6,3,96,NA,96
8471,1,1,21,9,10,0,0,0,0,0,0,1,0,0,0,0,0,0,1,0,0,0,0,0,1,1,1,1,1,1,1,1,0,0,0,0,1,0,0,0,1,1,0,0,0,0,0,1,0,2,2,NA,2,2,0,1,0,0,1,0,0,0,0,0,0,0,1,0,0,0,0,0,0,0,4,3,3,4,3,2,1,1,3,4,1,4,3,1,3,3,1,0,1,5,99,NA,9
8536,1,1,24,9,16,0,0,0,0,0,0,1,0,0,1,0,0,0,1,0,0,0,0,0,2,1,1,1,2,3,1,1,0,1,0,0,0,0,0,1,0,1,0,0,0,0,0,1,0,2,2,NA,2,NA,0,1,0,0,1,0,0,0,0,0,0,0,1,0,0,0,0,0,0,0,5,4,3,5,4,2,1,1,1,2,1,3,1,2,3,3,0,1,9,4,99,NA,6
8539,0,2,33,9,24,1,0,0,0,0,1,0,0,0,1,1,1,0,1,0,0,0,0,0,2,1,1,1,2,1,1,1,0,1,0,0,0,0,0,0,0,1,0,0,0,0,0,1,0,4,4,NA,4,2,0,0,1,0,1,0,0,0,0,0,0,0,0,1,0,0,0,0,0,0,4,5,5,3,5,1,1,1,2,2,2,2,1,1,1,3,0,0,6,3,96,NA,96
8573,0,2,22,8,8,0,1,0,0,0,1,0,0,0,1,0,1,0,0,0,0,0,0,1,2,1,1,1,1,1,1,1,1,0,1,0,1,0,0,0,1,1,0,0,0,0,0,1,0,4,4,NA,4,2,0,1,0,0,1,0,0,0,0,0,0,0,0,1,0,0,0,0,0,0,5,4,4,5,3,2,1,1,4,4,2,4,2,3,1,1,0,0,6,6,99,NA,8
8650,0,1,34,12,23,1,1,1,0,1,1,0,0,0,1,1,1,0,0,0,0,1,0,0,2,1,1,1,2,1,1,1,1,0,0,0,1,0,0,1,1,1,0,1,1,0,0,0,0,4,4,NA,4,2,1,0,0,0,1,0,0,0,0,0,0,1,0,0,0,0,0,0,0,0,5,5,5,5,5,2,1,1,1,2,2,3,2,1,NA,NA,1,1,96,96,96,NA,96
8715,0,2,39,13,24,1,0,1,0,0,0,0,0,0,1,0,1,0,1,0,0,0,0,0,2,1,1,1,2,1,1,1,0,1,1,0,0,0,0,0,0,1,0,0,0,1,0,0,0,3,3,NA,3,2,1,0,0,0,0,0,0,0,0,1,0,0,0,1,0,0,0,0,0,0,5,4,3,5,3,2,1,1,1,4,1,4,2,3,5,5,1,1,2,8,96,NA,96
8723,0,1,9,2,4,0,0,1,1,0,1,0,0,0,1,1,1,0,1,0,0,0,0,0,3,2,2,1,1,1,1,1,1,0,1,0,0,0,0,0,0,1,0,0,0,0,0,1,0,2,2,NA,2,NA,0,0,1,0,1,0,0,0,0,0,0,0,0,1,0,0,0,0,0,0,4,4,4,4,3,1,NA,1,4,3,3,4,3,3,6,6,1,1,96,96,99,NA,12
8879,1,1,34,11,22,1,1,0,0,0,0,0,0,0,0,1,0,0,1,0,0,0,0,0,4,1,2,2,4,1,1,1,0,0,0,1,1,0,0,0,0,1,0,1,0,0,0,0,0,4,4,NA,4,3,1,0,0,0,1,0,0,0,0,0,0,1,0,0,0,0,0,0,0,0,3,3,3,5,4,1,0,1,2,4,1,4,3,3,4,4,1,1,6,4,96,NA,96
9029,1,1,38,14,22,1,0,1,0,0,0,0,0,0,0,1,1,0,NA,NA,NA,NA,NA,NA,2,1,2,1,2,1,1,1,NA,NA,NA,NA,NA,NA,NA,NA,NA,NA,NA,NA,NA,NA,NA,NA,NA,NA,NA,NA,NA,NA,0,0,0,1,0,1,0,0,0,0,0,0,0,0,1,0,0,0,0,0,4,5,2,5,2,1,1,1,2,3,2,4,3,2,3,3,0,1,96,96,96,NA,96
9141,0,1,38,15,17,0,1,1,0,1,0,0,0,0,0,1,1,0,1,0,0,0,0,0,1,1,1,1,1,1,1,1,1,0,1,0,0,0,0,0,0,1,0,0,1,0,0,0,0,5,5,NA,5,2,1,0,0,0,1,0,0,0,0,0,0,0,0,0,1,0,0,0,0,0,2,2,2,2,3,2,0,1,2,3,2,3,3,3,5,5,1,1,6,8,99,NA,7
9159,0,1,39,13,24,0,1,0,0,1,0,0,0,0,1,1,1,0,1,0,0,0,0,0,3,1,1,2,1,1,1,1,1,1,1,0,1,0,0,1,1,1,0,1,1,0,0,1,0,3,3,NA,3,2,0,1,0,0,1,0,0,0,0,0,0,0,0,0,1,0,0,0,0,0,2,2,4,3,4,1,0,1,5,4,5,4,1,2,1,4,0,0,8,2,99,NA,21
9175,0,1,36,13,22,0,1,0,0,0,0,0,1,1,0,0,0,1,1,0,0,0,0,0,3,2,2,1,1,3,1,1,0,0,1,0,0,0,0,1,1,0,0,0,0,1,0,1,0,5,5,NA,5,3,1,0,0,0,0,1,0,0,0,0,0,0,0,0,1,0,0,0,0,0,3,3,3,2,3,1,1,1,6,3,5,3,3,3,6,5,1,1,96,96,96,NA,96
9388,0,1,39,12,25,0,1,0,0,0,0,0,1,0,0,1,1,0,1,0,0,0,0,0,2,1,2,1,1,1,1,1,1,0,0,0,1,0,0,0,0,1,0,1,0,0,0,0,0,4,4,NA,4,2,1,0,0,0,1,0,0,0,0,0,0,0,0,0,1,0,0,0,0,0,4,3,3,4,3,2,1,1,5,4,5,3,3,3,4,1,1,0,6,6,99,NA,8
9493,0,1,NA,NA,NA,1,1,1,0,1,0,0,0,0,1,0,1,0,1,0,0,0,0,0,1,1,1,1,4,1,1,1,1,0,0,0,1,0,0,0,1,1,0,0,1,0,0,0,0,5,5,NA,5,NA,1,0,0,0,1,0,0,0,0,0,0,0,0,0,0,0,1,0,0,0,4,3,3,3,3,2,0,1,5,3,2,4,4,3,6,6,0,0,7,8,99,NA,97
9681,0,1,43,16,27,0,0,0,0,0,0,1,0,0,1,1,0,0,1,0,0,0,0,0,2,1,1,1,1,1,1,1,1,0,0,0,1,0,0,1,1,1,0,0,1,1,0,1,0,NA,NA,NA,NA,2,1,0,0,0,1,0,0,0,0,0,0,0,0,0,0,1,0,0,0,0,5,5,5,4,4,2,1,1,1,3,2,3,2,2,6,6,1,0,96,96,99,NA,8
9741,0,1,34,12,25,0,0,0,0,0,0,1,0,0,1,1,0,0,1,0,0,0,0,0,2,1,1,1,1,1,1,1,0,1,0,0,1,0,0,1,0,1,0,0,0,0,0,1,0,2,2,NA,2,2,0,1,0,0,1,0,0,0,0,0,0,0,0,1,0,0,0,0,0,0,4,3,3,3,4,3,0,1,4,3,2,3,1,1,3,3,1,1,11,2,99,NA,99
9756,1,1,27,10,17,1,0,0,0,0,0,1,0,0,1,0,0,0,1,0,0,0,0,0,2,1,1,1,2,1,1,1,0,0,0,0,1,0,0,0,0,0,1,0,0,0,0,1,0,2,2,NA,2,4,0,1,0,0,0,0,0,0,0,1,0,0,0,0,0,1,0,0,0,0,3,3,4,4,4,3,0,1,2,4,1,3,3,3,3,3,0,0,96,96,96,NA,96
9846,0,1,33,9,20,0,1,0,0,0,0,0,0,0,1,1,1,0,1,0,0,0,0,0,1,1,1,1,1,1,1,1,1,1,1,0,1,0,0,1,0,1,0,0,1,0,0,0,0,4,4,NA,4,NA,1,0,0,0,1,0,0,0,0,0,0,0,1,0,0,0,0,0,0,0,4,4,5,5,4,2,0,1,4,4,2,4,4,4,4,4,0,0,96,96,99,NA,17
9855,0,2,31,8,17,1,1,1,0,0,1,0,0,0,1,0,1,0,1,0,0,0,0,0,2,1,1,1,3,1,1,1,0,1,1,0,1,0,0,0,0,0,1,0,0,0,0,1,0,2,2,NA,2,3,0,1,0,0,1,0,0,0,0,0,0,0,0,0,1,0,0,0,0,0,3,2,3,3,3,NA,NA,1,4,3,3,3,4,4,3,3,0,0,99,99,99,NA,6
9875,0,2,31,8,21,1,0,0,0,0,0,1,1,0,0,1,0,0,1,0,0,0,0,0,1,1,1,1,2,1,1,1,1,0,0,0,0,0,1,0,0,0,0,1,0,0,0,0,0,3,3,NA,3,3,1,0,0,0,1,0,0,0,0,0,0,0,0,0,1,0,0,0,0,0,3,3,3,3,3,2,1,1,1,3,4,3,3,3,3,5,1,0,9,5,96,NA,96
9903,0,2,38,14,21,0,0,0,0,0,0,1,0,0,1,1,0,0,1,0,0,0,0,0,1,1,1,1,1,1,1,1,1,1,1,0,1,0,0,0,1,1,0,0,0,0,0,1,0,2,2,NA,2,2,0,1,0,0,1,0,0,0,0,0,0,0,0,0,1,0,0,0,0,0,5,5,3,5,4,2,1,1,1,2,1,3,1,1,3,3,0,1,99,99,99,NA,1
9966,0,3,25,12,14,0,0,0,0,0,0,1,0,0,1,0,0,1,1,0,0,0,0,0,2,1,1,1,1,1,1,1,0,0,0,0,0,1,0,0,0,1,0,0,0,0,0,1,0,2,2,NA,2,2,0,1,0,0,1,0,0,0,0,0,0,0,0,1,0,0,0,0,0,0,3,3,4,3,3,3,1,1,1,3,1,2,1,NA,NA,3,0,0,8,7,97,NA,97
10146,1,1,35,11,19,1,0,1,0,0,0,0,0,0,0,1,1,0,1,0,0,0,0,0,1,1,1,1,1,1,1,1,0,0,0,0,0,1,0,1,1,1,0,1,0,0,1,0,0,NA,NA,NA,NA,2,1,0,0,0,1,0,0,0,0,0,0,0,0,1,0,0,0,0,0,0,3,2,3,4,3,2,0,1,2,3,4,3,3,3,NA,NA,1,0,96,96,99,NA,7
10158,1,2,22,8,12,0,0,0,0,0,0,1,0,0,1,0,0,0,NA,NA,NA,NA,NA,NA,2,1,2,1,1,1,1,1,NA,NA,NA,NA,NA,NA,NA,NA,NA,NA,NA,NA,NA,NA,NA,NA,NA,4,4,NA,4,2,0,0,0,1,1,0,0,0,0,0,0,0,0,1,0,0,0,0,0,0,4,4,3,3,3,2,0,1,2,3,2,4,2,2,6,1,1,0,6,1,96,NA,96
10162,1,2,35,12,21,1,1,1,1,1,0,0,1,0,0,1,1,0,1,0,0,0,0,0,2,1,2,1,4,3,1,1,1,1,1,0,1,0,0,0,1,0,0,0,1,1,0,0,0,5,5,NA,5,NA,1,0,0,0,1,0,0,0,0,0,0,0,1,0,0,0,0,0,0,0,3,3,3,4,3,4,0,1,1,3,2,2,3,2,6,5,0,0,8,8,96,NA,96
10494,0,2,37,11,22,0,0,0,0,0,0,1,0,0,1,0,0,0,0,0,0,0,0,1,1,1,1,1,1,1,1,1,0,0,0,0,1,0,0,1,1,0,0,0,0,1,0,0,0,5,5,NA,5,2,1,0,0,0,1,0,0,0,0,0,0,0,0,1,0,0,0,0,0,0,4,4,4,5,4,2,1,1,2,4,1,4,3,3,1,NA,0,0,8,3,96,NA,96
10548,0,1,45,16,25,0,0,1,0,0,0,0,0,0,1,0,1,0,1,0,0,0,0,0,1,1,1,1,1,1,1,1,0,1,1,0,0,0,0,0,1,1,0,1,0,0,0,0,0,NA,NA,NA,NA,NA,1,0,0,0,1,0,0,0,0,0,0,0,0,0,1,0,0,0,0,0,3,2,2,1,4,2,0,1,5,3,5,2,2,2,4,4,1,1,9,5,96,NA,96
10567,0,1,25,7,18,0,1,1,0,0,0,0,1,1,0,1,1,0,1,0,0,0,0,0,1,1,1,1,1,1,1,1,1,0,1,0,1,0,0,0,0,1,0,0,1,1,0,1,0,5,5,NA,5,3,1,0,0,0,0,0,0,0,1,0,0,1,0,0,0,0,0,0,0,0,4,4,5,5,4,2,1,1,2,3,6,3,3,4,5,5,1,1,1,5,96,NA,96
10583,0,2,27,10,15,0,0,1,0,0,0,0,0,0,0,1,1,0,1,0,0,0,0,0,4,1,1,1,2,1,1,1,0,0,1,0,1,0,0,0,0,1,0,1,0,0,0,0,0,NA,NA,NA,NA,2,1,0,0,0,1,0,0,0,0,0,0,0,0,1,0,0,0,0,0,0,3,3,4,3,3,2,1,0,3,4,4,2,1,2,6,5,1,0,6,7,99,NA,98
10724,0,1,47,18,27,1,1,0,0,0,0,0,0,0,1,1,1,0,1,0,0,0,0,0,1,1,1,1,1,1,1,1,0,0,0,0,0,1,0,0,1,1,0,1,1,1,0,0,0,NA,NA,NA,NA,NA,1,0,0,0,1,0,0,0,0,0,0,0,0,1,0,0,0,0,0,0,4,3,3,4,4,2,1,1,4,3,4,3,2,2,6,5,1,1,96,96,96,NA,96
10788,1,2,33,11,23,1,0,0,0,0,0,1,0,0,1,1,0,0,1,0,0,0,0,0,3,1,1,1,3,1,1,1,1,1,0,0,1,0,0,1,1,1,0,1,1,0,0,0,0,4,4,NA,4,3,1,0,0,0,1,0,0,0,0,0,0,0,0,1,0,0,0,0,0,0,5,5,5,5,5,2,1,1,6,4,6,4,2,2,6,6,0,0,96,96,96,NA,96
11016,0,1,32,14,21,0,0,0,0,0,0,1,0,0,1,0,0,1,1,0,0,0,0,0,1,1,1,1,1,1,1,1,0,0,0,0,1,0,0,1,0,0,0,0,0,0,0,0,1,3,3,NA,3,NA,1,0,0,0,1,0,0,0,0,0,0,0,1,0,0,0,0,0,0,0,4,4,3,5,3,1,1,0,6,3,5,4,1,1,1,1,0,1,6,3,99,NA,9
11202,0,1,33,10,20,0,1,1,1,0,0,0,0,0,1,1,1,0,1,0,0,0,0,0,1,1,1,1,1,1,1,1,0,0,0,0,1,0,0,0,0,1,0,1,1,0,0,0,0,5,5,NA,5,2,1,0,0,0,1,0,0,0,0,0,0,0,1,0,0,0,0,0,0,0,4,3,4,3,3,2,1,1,3,4,1,4,3,3,6,6,1,1,96,96,96,NA,96
11219,1,1,NA,NA,NA,1,1,0,0,0,0,0,0,0,1,0,1,0,1,0,0,0,0,0,1,2,1,1,1,1,1,1,0,0,1,0,1,0,0,1,1,1,0,1,0,0,0,0,0,3,3,NA,3,2,1,0,0,0,1,0,0,0,0,0,0,0,0,1,0,0,0,0,0,0,4,3,5,4,5,1,0,1,3,4,1,4,2,1,NA,NA,0,0,8,3,99,NA,7
11250,0,2,40,13,22,0,0,0,0,0,0,1,0,0,1,0,0,0,1,0,0,0,0,0,1,1,1,1,1,1,1,1,0,0,0,0,1,0,0,0,0,1,0,0,0,0,0,1,0,5,5,NA,5,NA,0,0,1,0,0,1,0,0,0,0,0,0,0,0,0,1,0,0,0,0,5,4,4,5,4,2,1,1,1,3,1,4,1,1,6,6,0,0,8,3,96,NA,96
11369,0,1,46,15,25,0,1,0,0,0,0,0,1,0,0,0,1,0,1,0,0,0,0,0,2,1,1,1,1,1,1,1,0,0,0,0,0,1,0,0,1,0,0,1,0,1,0,0,0,5,5,NA,5,3,1,0,0,0,1,0,0,0,0,0,0,1,0,0,0,0,0,0,0,0,5,5,4,4,3,2,1,1,4,3,4,3,3,2,5,1,0,0,3,3,99,NA,8
11434,0,1,40,15,24,1,0,0,0,0,0,1,0,0,1,0,0,1,1,0,0,0,0,0,1,1,1,1,1,1,1,1,0,1,0,1,0,0,0,1,0,0,0,0,0,0,0,1,0,NA,NA,NA,NA,3,0,0,1,0,0,1,0,0,0,0,0,0,0,0,0,1,0,0,0,0,4,3,5,4,4,NA,1,1,2,4,2,4,4,1,5,5,0,0,8,3,99,NA,6
11447,1,1,31,12,17,0,0,0,0,0,0,1,0,0,1,0,0,0,1,0,0,0,0,0,3,1,1,1,1,1,1,1,1,1,0,0,0,0,0,0,0,1,0,0,0,1,1,0,0,NA,NA,NA,NA,1,1,0,0,0,1,0,0,0,0,0,0,0,0,1,0,0,0,0,0,0,3,2,4,3,3,2,0,1,1,3,2,3,3,3,NA,NA,1,1,1,4,8,NA,8
11506,1,1,17,6,10,0,0,0,0,0,0,1,0,0,1,0,0,0,1,0,0,0,0,0,1,1,1,1,1,1,1,1,0,0,1,0,1,0,0,0,1,0,0,0,0,0,0,1,0,2,2,NA,2,2,0,0,1,0,0,1,0,0,0,0,0,0,1,0,0,0,0,0,0,0,4,4,4,4,4,2,1,1,1,4,1,4,2,1,3,3,1,0,6,3,99,NA,7
11518,0,2,26,5,18,0,0,0,0,0,0,1,0,0,1,0,0,0,1,0,0,0,0,0,3,1,1,1,1,1,1,1,0,1,1,0,0,0,0,0,0,1,0,0,0,0,0,1,0,4,4,NA,4,NA,0,0,1,0,1,0,0,0,0,0,0,0,0,1,0,0,0,0,0,0,4,3,5,3,3,2,NA,1,2,3,1,4,1,1,NA,5,0,0,6,3,96,NA,96
11532,0,1,24,9,18,0,1,1,1,0,1,0,0,0,1,0,1,0,1,0,0,0,0,0,3,1,1,1,1,1,1,1,0,0,0,0,0,1,0,0,0,0,1,0,0,0,0,1,0,2,2,NA,2,2,0,0,1,0,0,1,0,0,0,0,0,1,0,0,0,0,0,0,0,0,4,3,5,4,4,2,1,1,1,4,1,4,3,2,5,5,1,1,6,2,99,NA,99
11543,0,1,39,16,25,0,1,0,0,0,0,0,0,0,1,1,1,0,1,0,0,0,0,0,1,1,1,1,1,1,1,1,1,0,0,0,1,0,0,1,1,1,0,1,0,0,1,0,0,4,4,NA,4,2,1,0,0,0,0,1,0,0,0,0,0,0,0,1,0,0,0,0,0,0,5,4,5,5,4,2,1,1,4,4,4,4,1,4,1,5,0,1,96,96,96,NA,96
11605,1,1,39,13,24,1,0,0,0,0,0,1,0,0,1,0,0,0,1,0,0,0,0,0,2,1,1,1,2,1,1,1,0,0,1,0,1,0,0,1,1,1,0,1,0,0,0,1,0,5,5,NA,5,2,1,0,0,0,1,0,0,0,0,0,0,0,1,0,0,0,0,0,0,0,3,3,3,4,3,2,0,1,1,4,2,4,1,1,4,1,0,0,96,96,96,NA,96
11698,1,2,16,6,8,0,0,0,0,0,0,1,0,0,1,0,0,0,1,0,0,0,0,0,2,1,1,1,1,1,1,1,0,0,0,0,0,1,0,0,0,0,1,0,0,0,0,1,0,2,2,NA,2,2,0,0,1,0,0,1,0,0,0,0,0,0,0,1,0,0,0,0,0,0,4,2,4,4,3,2,0,1,1,4,1,4,1,1,1,1,0,0,1,1,96,NA,96
11857,0,2,26,13,15,1,0,0,0,0,0,1,0,0,1,0,0,0,1,0,0,0,0,0,2,1,2,1,4,1,1,1,0,0,0,0,0,1,0,0,0,0,1,0,0,0,0,0,1,4,4,NA,4,2,1,0,0,0,0,0,0,0,0,1,0,0,0,1,0,0,0,0,0,0,3,3,4,4,4,1,NA,1,2,4,2,4,2,1,5,5,1,1,96,96,96,NA,96
11871,0,1,27,9,20,0,1,1,1,0,1,0,0,0,1,1,1,0,1,0,0,0,0,0,2,1,1,2,1,1,1,1,0,1,1,0,0,0,0,1,0,1,0,0,0,0,0,1,0,4,4,NA,4,2,0,0,1,0,0,0,0,0,0,1,0,0,0,1,0,0,0,0,0,0,4,3,3,3,2,3,1,1,2,4,1,4,1,1,5,5,0,0,6,4,99,NA,98
11922,1,1,19,8,10,0,0,0,0,0,0,1,0,0,1,0,0,1,1,0,0,0,0,0,1,1,1,1,1,1,1,1,0,1,0,0,0,0,0,0,0,1,0,0,0,0,0,1,0,3,3,NA,3,1,0,1,0,0,1,0,0,0,0,0,0,0,0,1,0,0,0,0,0,0,3,4,4,4,4,2,1,1,1,3,1,3,1,2,1,1,0,0,8,5,99,NA,8
11939,0,1,NA,NA,NA,0,1,1,0,0,0,0,1,1,0,1,1,0,0,0,0,0,1,0,2,2,2,1,1,1,1,1,1,0,0,0,1,0,0,1,1,0,0,1,0,0,0,0,0,NA,NA,NA,NA,1,1,0,0,0,1,0,0,0,0,0,0,0,1,0,0,0,0,0,0,0,5,3,4,4,4,2,1,1,4,4,4,3,3,2,5,1,1,0,9,3,5,NA,8
11985,0,1,25,10,11,0,0,0,0,0,0,1,0,0,0,0,0,0,1,0,0,0,0,0,2,1,1,1,1,1,1,1,0,1,0,0,1,0,0,0,0,1,0,0,0,0,0,1,0,4,4,NA,4,2,0,0,1,0,0,1,0,0,0,0,0,0,0,1,0,0,0,0,0,0,5,4,5,5,5,2,0,1,2,3,2,3,3,2,4,4,0,0,6,3,10,NA,7
12139,0,2,34,9,20,1,0,0,0,0,0,1,0,0,1,1,0,0,1,0,0,0,0,0,1,1,1,1,1,1,1,1,1,1,1,1,1,0,0,1,0,1,0,0,1,0,0,0,0,5,5,NA,5,2,0,1,0,0,1,0,0,0,0,0,0,0,0,1,0,0,0,0,0,0,3,3,5,4,3,3,1,1,4,3,2,4,3,3,5,6,1,1,4,3,99,NA,99
12204,0,1,16,10,7,1,0,0,0,0,0,1,0,0,1,0,0,1,0,0,0,0,0,1,2,1,4,1,2,1,1,1,0,0,0,0,1,0,0,0,0,1,0,1,0,0,0,0,0,NA,NA,NA,NA,2,1,0,0,0,1,0,0,0,0,0,0,1,0,0,0,0,0,0,0,0,2,2,3,3,3,NA,0,1,2,4,2,4,1,1,6,4,1,1,6,2,96,NA,96
12220,1,2,15,4,8,1,0,0,0,0,0,1,0,0,1,0,0,0,1,0,0,0,0,0,3,1,1,1,2,1,1,1,0,0,0,0,1,0,0,0,0,1,0,0,0,0,0,1,0,2,2,NA,2,1,0,0,1,0,1,0,0,0,0,0,0,0,0,0,1,0,0,0,0,0,4,5,5,4,4,2,0,1,1,3,1,3,3,2,3,3,0,1,99,99,99,NA,8
12268,0,1,34,10,20,1,0,0,0,0,0,1,0,0,0,0,0,0,1,0,0,0,0,0,2,2,2,1,2,1,1,2,0,1,0,0,0,0,0,0,1,1,0,0,0,0,0,1,0,NA,NA,NA,NA,2,0,1,0,0,0,0,0,1,0,0,0,0,0,0,1,0,0,0,0,0,3,1,1,1,3,1,NA,1,3,4,4,4,3,3,6,6,1,1,1,5,7,NA,7
12424,0,1,23,11,8,0,0,0,0,0,0,1,0,0,1,1,0,0,1,0,0,0,0,0,1,1,1,1,1,1,1,1,1,0,0,0,0,0,0,1,0,1,0,0,0,1,0,1,0,3,3,NA,3,2,0,0,1,0,1,0,0,0,0,0,0,0,0,1,0,0,0,0,0,0,2,1,4,3,2,3,NA,1,1,3,3,4,2,3,5,3,0,1,6,3,99,NA,12
12426,0,2,31,8,19,0,0,0,0,0,0,1,0,0,1,0,0,1,1,0,0,0,0,0,1,1,1,1,1,1,1,1,1,0,0,0,1,0,0,1,1,0,0,0,1,1,0,0,0,5,5,NA,5,2,1,0,0,0,1,0,0,0,0,0,0,0,0,1,0,0,0,0,0,0,5,4,5,4,4,2,1,1,2,3,1,3,2,2,1,1,0,0,96,96,96,NA,96
12486,0,1,30,6,19,1,1,1,1,1,0,0,0,0,0,1,1,0,1,0,0,0,0,0,1,1,1,1,2,1,1,1,1,1,1,0,0,0,0,0,0,1,0,0,0,1,0,0,0,NA,NA,NA,NA,NA,1,0,0,0,1,0,0,0,0,0,0,0,0,1,0,0,0,0,0,0,3,4,4,4,2,2,1,1,4,4,3,3,3,3,5,6,1,1,1,2,96,NA,96
12530,0,2,36,15,23,1,0,0,0,0,0,1,0,0,1,0,0,0,1,0,0,0,0,0,2,1,1,1,1,1,1,1,0,0,1,0,0,0,0,1,1,0,0,0,1,0,1,1,0,NA,NA,NA,NA,NA,1,0,0,0,1,0,0,0,0,0,0,0,0,0,1,0,0,0,0,0,4,4,4,4,4,1,NA,1,2,3,2,4,2,2,5,5,0,0,96,96,99,NA,6
12544,1,1,23,9,16,1,0,0,0,0,0,1,0,0,1,0,0,0,1,0,0,0,0,0,1,1,1,1,1,1,1,1,0,1,0,0,0,0,0,1,0,0,0,0,0,0,0,1,0,4,4,NA,4,3,0,1,0,0,1,0,0,0,0,0,0,0,0,0,0,1,0,0,0,0,3,2,4,4,3,2,0,1,2,4,2,4,3,3,3,3,0,0,8,4,99,NA,7
12640,0,1,20,8,10,1,1,0,0,0,1,0,0,0,1,0,1,0,1,0,0,0,0,0,2,1,1,1,2,1,1,1,0,1,1,0,1,0,0,1,0,1,0,0,0,0,0,1,0,5,5,NA,5,3,0,0,1,0,1,0,0,0,0,0,0,1,0,0,0,0,0,0,0,0,4,4,4,5,3,2,1,0,5,4,2,4,4,3,5,5,1,1,96,96,96,NA,96
12729,0,1,46,16,29,1,1,1,1,1,0,0,0,0,1,1,1,0,1,0,0,0,0,0,2,1,1,1,2,1,1,1,0,0,1,0,1,0,0,1,1,0,0,0,1,0,0,0,0,5,5,NA,5,2,1,0,0,0,0,0,1,0,0,0,0,0,1,0,0,0,0,0,0,0,4,5,4,4,4,2,1,1,1,4,1,4,3,4,6,5,1,0,6,3,99,NA,11
12805,0,1,41,17,25,1,0,0,0,0,0,1,0,0,1,0,0,1,1,0,0,0,0,0,2,1,1,1,2,1,1,1,0,1,1,0,0,0,0,1,0,0,0,0,0,1,0,0,0,4,4,NA,4,3,1,0,0,0,1,0,0,0,0,0,0,0,1,0,0,0,0,0,0,0,4,3,4,4,4,2,1,1,4,4,1,4,2,2,1,1,0,0,6,2,96,NA,96
12888,0,1,45,14,28,1,0,0,0,0,0,1,0,0,1,1,0,0,1,0,0,0,0,0,2,1,2,1,3,1,1,1,1,0,0,0,0,0,0,1,1,0,0,1,1,0,1,0,0,5,5,NA,5,4,1,0,0,0,1,0,0,0,0,0,0,0,0,1,0,0,0,0,0,0,3,4,3,3,2,2,NA,1,4,4,2,3,4,3,5,5,0,0,96,96,96,NA,96
12909,0,1,39,11,20,0,0,1,0,1,0,0,0,0,1,1,1,0,1,0,0,0,0,0,1,1,2,1,1,1,1,1,1,0,1,0,1,0,0,1,0,1,0,0,0,1,0,0,0,5,5,NA,5,NA,1,0,0,0,1,0,0,0,0,0,0,1,0,0,0,0,0,0,0,0,3,3,3,3,3,2,0,0,2,3,2,3,3,3,6,6,0,0,96,96,96,NA,96
13055,0,2,30,11,21,0,0,0,0,0,0,1,0,0,1,0,0,0,1,0,0,0,0,0,2,1,1,1,1,1,1,1,0,1,0,1,1,0,0,0,1,0,0,0,0,0,0,1,0,5,5,NA,5,2,0,0,1,0,1,0,0,0,0,0,0,0,0,1,0,0,0,0,0,0,4,5,4,4,4,1,1,1,2,4,2,4,1,1,6,6,0,0,1,1,8,NA,9
13261,0,1,39,14,20,1,0,1,0,0,0,0,0,0,1,1,1,0,1,0,0,0,0,0,2,1,1,1,1,1,1,1,1,0,1,0,1,0,0,0,1,1,0,1,0,0,0,0,0,4,4,NA,4,NA,1,0,0,0,1,0,0,0,0,0,0,0,0,0,0,0,1,0,0,0,5,2,2,5,5,2,1,1,5,3,5,4,2,2,5,5,0,0,8,3,99,NA,6
13353,1,2,28,9,18,0,0,0,0,0,0,1,0,0,1,0,0,0,0,0,0,1,0,0,1,1,1,1,1,1,1,1,0,0,0,0,0,1,0,0,0,1,0,1,0,0,0,0,0,NA,NA,NA,NA,1,1,0,0,0,1,0,0,0,0,0,0,0,0,0,1,0,0,0,0,0,4,4,3,5,4,1,0,1,1,3,1,3,1,1,NA,NA,0,0,6,2,99,NA,8
13383,0,2,27,9,13,0,0,0,0,0,0,1,0,0,1,1,0,0,1,0,0,0,0,0,2,1,1,1,1,1,1,1,1,0,1,0,1,0,0,1,1,0,0,1,0,0,0,0,0,4,4,NA,4,2,1,0,0,0,1,0,0,0,0,0,0,0,0,0,1,0,0,0,0,0,4,3,4,4,3,2,1,1,1,3,1,4,1,1,NA,5,1,1,1,5,96,NA,96
13388,1,1,16,8,8,0,0,0,0,0,0,1,0,0,1,0,0,0,1,0,0,0,0,0,1,1,1,1,1,1,1,1,0,0,0,0,0,1,1,0,0,0,0,0,0,0,0,1,0,2,2,NA,2,3,0,0,1,0,1,0,0,0,0,0,0,0,0,0,1,0,0,0,0,0,4,2,3,2,3,2,1,1,1,3,1,3,4,4,3,1,0,1,3,8,7,NA,7
13412,1,1,31,8,16,0,1,0,0,0,0,0,1,1,0,0,0,0,1,0,0,0,0,0,1,1,1,1,1,1,1,1,0,0,0,0,1,0,0,0,0,1,0,1,0,0,0,0,0,NA,NA,NA,NA,NA,1,0,0,0,1,0,0,0,0,0,0,0,0,1,0,0,0,0,0,0,3,3,5,3,3,2,0,1,5,4,5,4,1,1,NA,NA,1,0,99,99,96,NA,96
13489,0,2,31,10,18,1,1,1,0,0,0,0,1,0,0,1,0,0,1,0,0,0,0,0,2,1,1,1,2,1,1,1,0,0,1,0,0,0,0,0,1,1,0,1,0,0,0,0,0,4,4,NA,4,4,1,0,0,0,1,0,0,0,0,0,0,0,0,0,1,0,0,0,0,0,2,1,3,3,2,2,0,0,2,3,3,3,4,3,6,5,1,1,6,5,97,NA,97
13497,1,1,30,10,19,0,0,0,0,0,0,1,0,0,1,0,0,0,1,0,0,0,0,0,2,1,1,1,2,1,1,2,1,1,1,0,0,0,0,1,1,1,0,1,0,0,0,0,0,5,5,NA,5,1,0,1,0,0,0,1,0,0,0,0,0,0,0,0,1,0,0,0,0,0,4,4,4,4,4,3,1,1,1,3,1,3,4,4,4,4,0,0,1,4,21,NA,21
13501,1,1,26,10,12,1,0,0,0,0,0,1,0,0,1,0,0,0,1,0,0,0,0,0,2,1,1,1,2,1,1,1,0,0,0,0,1,0,0,0,0,1,0,0,1,0,0,0,0,5,5,NA,5,NA,1,0,0,0,1,0,0,0,0,0,0,0,0,1,0,0,0,0,0,0,4,2,2,3,3,2,0,1,2,3,2,3,3,3,4,4,1,1,6,3,96,NA,96
13668,1,1,17,6,11,1,0,0,0,0,0,1,0,0,1,0,0,0,1,0,0,0,0,0,2,1,1,2,3,2,1,1,1,1,0,0,0,0,0,0,0,1,0,0,0,0,0,1,0,4,4,NA,4,NA,0,0,1,0,0,0,1,0,0,0,0,0,0,0,1,0,0,0,0,0,2,3,2,4,1,2,1,0,3,2,2,2,3,3,1,3,0,0,96,96,96,NA,96
13692,0,1,16,4,7,0,0,0,0,0,0,1,0,0,1,0,0,0,1,0,0,0,0,0,3,1,1,1,1,1,1,1,0,0,1,0,1,0,0,1,1,1,0,0,0,0,0,1,0,4,4,NA,4,4,0,0,1,0,0,0,0,0,0,1,0,0,0,1,0,0,0,0,0,0,5,5,5,5,5,3,1,1,2,4,2,4,1,1,3,3,0,0,96,96,10,NA,12
13725,0,1,30,11,19,1,0,1,0,0,0,0,1,0,0,1,1,0,1,0,0,0,0,0,2,1,1,1,2,2,1,1,0,0,1,0,1,0,0,1,1,1,0,1,0,0,0,0,0,4,4,NA,4,NA,1,0,0,0,1,0,0,0,0,0,0,0,0,0,1,0,0,0,0,0,3,NA,3,3,3,1,NA,1,5,4,5,4,3,3,4,4,1,1,8,2,96,NA,96
13799,0,1,32,12,20,1,0,0,0,0,0,1,0,0,1,0,0,0,1,0,0,0,0,0,2,1,1,1,2,1,1,1,0,0,0,0,0,1,1,0,0,0,0,0,0,0,0,0,1,1,1,NA,1,NA,0,0,1,0,1,0,0,0,0,0,0,1,0,0,0,0,0,0,0,0,3,1,4,4,3,2,0,1,1,3,1,3,2,3,1,4,0,0,6,4,96,NA,96
13873,0,2,39,11,20,0,0,1,0,0,0,0,0,0,1,0,1,0,1,0,0,0,0,0,1,1,1,1,1,2,2,1,1,0,1,0,1,0,0,0,1,1,0,1,0,0,1,1,0,5,5,NA,5,2,1,0,0,0,1,0,0,0,0,0,0,0,0,0,0,1,0,0,0,0,4,2,3,4,2,4,0,1,2,4,2,4,4,4,5,4,1,1,1,4,96,NA,96
13933,1,1,22,14,11,1,0,0,0,0,0,1,1,0,0,0,1,0,1,0,0,0,0,0,2,1,2,2,3,2,1,1,1,0,0,0,0,0,0,1,1,1,0,1,0,0,0,0,0,3,3,NA,3,3,0,1,0,0,1,0,0,0,0,0,0,0,1,0,0,0,0,0,0,0,3,2,1,2,2,2,1,1,2,4,1,4,2,2,4,4,1,1,96,96,99,NA,6
14071,0,1,31,9,15,0,1,1,1,0,1,0,0,0,1,1,1,0,1,0,0,0,0,0,2,1,2,1,1,1,1,1,1,0,0,0,1,0,0,0,0,1,0,0,0,0,0,1,0,NA,NA,NA,NA,2,0,0,1,0,1,0,0,0,0,0,0,0,0,1,0,0,0,0,0,0,4,3,4,4,3,2,0,1,2,3,1,3,1,2,1,1,0,0,1,7,99,NA,99
14125,1,2,45,17,25,1,0,0,0,0,0,1,0,0,1,0,0,0,0,1,0,0,0,0,1,1,1,1,2,1,1,1,1,0,0,0,1,0,0,1,1,0,0,0,0,1,0,0,0,5,5,NA,5,NA,1,0,0,0,1,0,0,0,0,0,0,0,0,0,0,0,1,0,0,0,3,3,3,4,4,2,1,1,1,3,1,3,3,NA,6,6,0,0,99,99,96,NA,96
14135,0,2,34,12,21,1,0,0,0,0,0,1,0,0,1,0,0,0,1,0,0,0,0,0,2,1,1,1,2,1,1,1,0,0,0,0,0,1,0,0,1,1,0,0,0,0,0,1,0,2,2,NA,2,2,0,0,1,0,1,0,0,0,0,0,0,0,0,1,0,0,0,0,0,0,2,2,2,3,2,2,0,1,1,4,1,4,3,2,3,3,0,0,6,3,99,NA,8
14142,0,1,44,15,28,0,0,0,0,1,0,0,0,0,1,1,1,0,1,0,0,0,0,0,2,1,1,1,1,1,1,1,0,0,1,0,1,0,0,0,0,1,0,0,0,1,0,0,0,4,4,NA,4,2,1,0,0,0,1,0,0,0,0,0,0,0,0,1,0,0,0,0,0,0,3,3,4,3,4,2,NA,1,4,4,4,4,1,1,5,1,0,0,1,8,99,NA,10
14188,1,1,31,12,20,1,0,0,0,0,0,1,0,0,1,0,0,0,1,0,0,0,0,0,2,1,1,1,2,1,1,1,0,0,1,0,1,0,0,0,0,1,0,0,0,0,0,1,0,2,2,NA,2,NA,0,1,0,0,1,0,0,0,0,0,0,0,0,1,0,0,0,0,0,0,3,2,3,3,3,1,0,1,2,4,2,4,1,2,4,3,0,1,10,7,96,NA,96
14212,0,2,18,6,12,1,0,0,0,0,0,1,0,0,1,0,0,0,1,0,0,0,0,0,2,1,1,1,2,2,1,1,0,0,0,0,1,0,0,0,0,1,0,0,0,0,0,1,0,2,2,NA,2,2,0,0,1,0,1,0,0,0,0,0,0,0,0,1,0,0,0,0,0,0,3,3,2,3,2,2,1,1,2,3,2,4,3,3,3,3,0,1,96,96,96,NA,96
14374,0,2,38,14,21,1,0,0,0,0,0,1,0,0,1,1,0,0,1,0,0,0,0,0,2,1,2,1,2,1,1,1,1,1,1,0,1,0,0,1,1,1,0,1,0,0,0,0,0,4,4,NA,4,2,1,0,0,0,1,0,0,0,0,0,0,0,0,0,0,1,0,0,0,0,5,5,5,5,3,2,0,1,4,4,2,4,1,1,1,1,0,0,96,96,96,NA,96
14412,0,1,33,11,18,0,1,1,1,0,1,0,0,0,1,0,1,0,1,0,0,0,0,0,1,1,1,1,2,1,1,1,1,0,1,0,1,0,0,0,0,1,0,0,0,0,0,1,0,4,4,NA,4,NA,0,0,1,0,0,1,0,0,0,0,0,0,0,0,0,1,0,0,0,0,5,2,3,4,4,3,1,1,3,1,1,3,1,1,4,1,0,0,96,96,96,NA,96
14476,0,1,39,14,20,0,0,0,0,0,0,1,0,0,1,0,0,0,1,0,0,0,0,0,1,1,1,1,1,1,1,1,1,0,0,0,0,0,0,0,0,1,0,0,0,0,0,1,0,2,2,NA,2,2,0,0,1,0,0,1,0,0,0,0,0,0,0,0,0,1,0,0,0,0,5,5,5,5,4,1,1,1,2,4,2,4,3,3,3,3,1,1,96,96,96,NA,96
14519,1,2,35,9,22,1,1,1,1,1,0,0,0,0,1,1,1,0,0,1,0,0,0,0,4,1,1,4,4,1,1,2,0,1,1,0,1,0,0,1,1,1,0,1,1,1,0,0,0,5,5,NA,5,NA,1,0,0,0,1,0,0,0,0,0,0,1,0,0,0,0,0,0,0,0,4,3,4,3,4,2,1,1,4,3,2,4,4,3,5,5,1,1,11,8,99,NA,10
14576,1,1,37,10,22,0,1,1,1,0,0,0,0,0,1,0,1,0,1,0,0,0,0,0,2,1,1,1,1,1,1,1,1,1,1,0,1,0,0,0,0,1,0,1,0,0,0,0,0,5,5,NA,5,3,1,0,0,0,1,0,0,0,0,0,0,0,0,1,0,0,0,0,0,0,4,4,4,3,4,2,0,1,2,3,2,3,1,1,5,6,0,0,6,4,96,NA,96
14646,1,1,17,5,11,0,0,0,0,0,0,1,0,0,0,0,0,0,1,0,0,0,0,0,3,1,1,1,1,1,1,1,0,1,1,0,1,0,0,0,1,0,0,0,0,0,0,1,0,4,4,NA,4,2,0,1,0,0,0,1,0,0,0,0,0,0,0,0,1,0,0,0,0,0,4,5,2,4,2,3,1,1,1,4,3,4,3,3,3,3,0,0,6,7,99,NA,21
14658,0,1,41,17,24,1,0,0,0,0,0,1,0,0,1,1,0,0,1,0,0,0,0,0,3,1,2,1,3,1,1,1,1,1,0,1,1,0,0,1,1,0,0,1,1,0,0,0,0,4,4,NA,4,2,1,0,0,0,0,0,0,0,0,1,0,0,1,0,0,0,0,0,0,0,5,5,5,4,5,1,1,1,5,3,3,3,1,1,5,5,0,0,8,3,96,NA,96
14772,0,1,36,11,24,0,0,1,1,0,0,0,0,0,1,1,1,0,1,0,0,0,0,0,1,1,1,1,1,1,1,1,1,0,1,0,0,0,0,1,0,1,0,1,0,0,0,0,0,4,4,NA,4,2,0,1,0,0,0,1,0,0,0,0,0,0,0,0,0,1,0,0,0,0,5,3,4,5,3,1,1,1,5,3,5,4,2,2,4,4,0,0,6,3,96,NA,96
14783,1,1,23,10,11,0,1,1,0,0,0,0,1,1,0,1,1,0,1,0,0,0,0,0,2,1,1,1,2,1,1,1,1,1,0,0,1,0,0,1,1,1,0,1,0,0,0,0,0,5,5,NA,5,2,1,0,0,0,1,0,0,0,0,0,0,1,0,0,0,0,0,0,0,0,5,5,4,4,4,2,0,1,2,2,2,4,3,3,5,5,1,1,96,96,96,NA,96
14829,0,1,35,12,18,1,0,0,0,0,0,1,0,0,1,1,0,0,1,0,0,0,0,0,1,1,1,1,2,2,1,1,0,0,1,0,0,0,0,0,0,1,0,0,0,0,0,1,0,2,2,NA,2,3,0,0,1,0,1,0,0,0,0,0,0,0,0,0,1,0,0,0,0,0,3,3,4,4,4,2,0,1,2,4,2,4,3,3,6,6,1,1,1,5,99,NA,11
14852,1,1,38,11,18,1,0,1,0,0,0,0,0,0,1,0,1,0,0,1,0,0,0,0,2,1,1,1,3,1,1,1,0,1,1,0,1,0,0,0,0,1,0,0,1,0,0,0,0,NA,NA,NA,NA,2,1,0,0,0,0,0,1,0,0,0,0,0,1,0,0,0,0,0,0,0,5,5,4,5,4,2,0,1,5,4,2,3,4,4,6,6,0,0,8,4,96,NA,96
14966,0,1,39,14,21,1,1,1,1,0,1,0,0,0,1,0,1,0,1,0,0,0,0,0,1,1,1,1,1,1,1,1,0,1,1,0,1,0,0,0,0,1,0,0,0,0,0,1,0,2,2,NA,2,NA,0,0,1,0,1,0,0,0,0,0,0,0,0,1,0,0,0,0,0,0,5,4,4,5,4,1,1,1,2,3,3,3,1,1,3,1,0,0,99,99,96,NA,96
14970,1,2,20,8,8,0,0,0,0,0,0,1,1,1,0,0,0,0,0,0,1,0,0,0,1,1,1,1,1,1,1,1,1,1,1,0,1,0,0,1,1,1,0,1,0,0,0,0,0,5,5,NA,5,3,1,0,0,0,1,0,0,0,0,0,0,0,0,1,0,0,0,0,0,0,5,3,5,5,4,2,1,1,2,3,2,3,3,3,5,5,0,0,6,2,96,NA,96
15154,1,1,25,10,15,0,0,0,0,0,0,1,0,0,1,0,0,0,1,0,0,0,0,0,3,1,1,1,1,1,1,1,0,0,1,0,1,0,0,0,1,1,0,0,0,0,0,1,0,2,2,NA,2,3,0,1,0,0,1,0,0,0,0,0,0,0,0,0,1,0,0,0,0,0,4,3,3,3,3,2,1,1,2,4,1,4,3,3,3,3,0,0,1,3,99,NA,11
15155,0,1,NA,NA,NA,0,0,0,0,0,0,1,0,0,1,0,0,0,1,0,0,0,0,0,1,1,2,2,1,1,1,1,0,0,1,0,0,0,0,0,0,1,0,0,0,0,0,1,0,NA,NA,NA,NA,1,0,0,1,0,1,0,0,0,0,0,0,0,1,0,0,0,0,0,0,0,5,5,5,5,4,2,1,1,1,3,2,3,1,1,2,4,0,0,96,96,96,NA,96
15162,0,3,27,6,14,0,0,0,0,0,0,1,0,0,1,1,0,0,1,0,0,0,0,0,3,1,1,1,1,1,1,1,1,0,0,0,1,0,0,1,1,1,0,1,0,0,0,0,0,5,5,NA,5,NA,0,1,0,0,1,0,0,0,0,0,0,0,0,1,0,0,0,0,0,0,5,4,4,5,4,2,1,1,1,3,3,3,2,1,5,NA,0,0,6,3,96,NA,96
15273,0,1,26,6,18,1,1,1,0,1,0,0,0,0,1,1,1,0,1,0,0,0,0,0,2,1,1,1,2,1,1,1,1,0,1,0,1,0,0,1,1,1,0,1,1,0,1,0,0,5,5,NA,5,3,1,0,0,0,1,0,0,0,0,0,0,0,0,0,1,0,0,0,0,0,4,4,4,3,4,3,0,1,4,4,4,4,2,2,6,6,1,1,6,3,96,NA,96
15375,1,1,20,9,7,1,0,1,0,0,0,0,0,0,1,0,1,0,1,0,0,0,0,0,1,1,2,2,1,1,1,1,0,0,0,0,0,1,0,1,1,0,0,1,1,0,0,0,0,NA,NA,NA,NA,NA,1,0,0,0,1,0,0,0,0,0,0,0,1,0,0,0,0,0,0,0,5,4,4,5,3,2,1,1,4,3,2,4,3,3,4,3,0,0,9,4,99,NA,7
15399,0,1,30,11,17,0,0,0,0,0,0,1,0,0,1,0,0,0,1,0,0,0,0,0,2,1,1,1,1,1,1,1,1,1,0,0,1,0,0,1,1,1,0,1,0,0,1,0,0,5,5,NA,5,2,1,0,0,0,1,0,0,0,0,0,0,0,0,1,0,0,0,0,0,0,5,4,5,5,4,2,1,1,3,2,1,4,3,3,5,5,1,1,96,96,96,NA,96
15451,0,3,24,9,11,0,1,1,1,0,1,0,0,0,1,0,1,0,1,0,0,0,0,0,2,1,1,1,1,1,1,1,0,0,1,0,0,0,0,0,1,1,0,0,0,0,0,1,0,2,2,NA,2,2,0,0,1,0,1,0,0,0,0,0,0,0,1,0,0,0,0,0,0,0,4,3,2,4,3,2,1,1,4,3,2,3,3,3,6,5,0,0,96,96,99,NA,7
15512,0,2,18,6,11,0,0,0,0,0,0,1,0,0,1,1,0,0,1,0,0,0,0,0,1,1,1,1,1,1,1,1,1,0,0,0,0,0,0,1,0,1,0,1,0,1,1,0,0,5,5,NA,5,2,0,1,0,0,1,0,0,0,0,0,0,1,0,0,0,0,0,0,0,0,4,4,4,4,4,2,1,1,1,4,2,4,1,1,6,6,0,0,1,4,10,NA,10
15708,0,1,22,8,14,1,0,0,0,0,0,1,0,0,1,1,0,0,1,0,0,0,0,0,3,1,1,2,3,1,1,1,1,0,0,0,0,0,0,0,0,1,0,0,0,0,0,1,0,2,2,NA,2,2,0,0,1,0,1,0,0,0,0,0,0,0,0,0,1,0,0,0,0,0,3,3,3,4,3,2,0,0,4,3,4,3,3,2,3,3,0,0,9,4,99,NA,7
15848,0,1,31,12,19,1,0,0,0,0,1,0,0,0,1,0,0,1,1,0,0,0,0,0,1,1,1,1,1,1,1,1,1,0,1,0,1,0,0,0,1,0,0,1,0,0,0,0,0,5,5,NA,5,4,1,0,0,0,1,0,0,0,0,0,0,1,0,0,0,0,0,0,0,0,1,2,4,2,4,2,0,1,1,4,4,3,2,2,5,5,0,0,6,4,99,NA,97
15861,0,1,39,13,25,1,1,1,0,1,0,0,0,0,1,0,1,0,1,0,0,0,0,0,3,1,2,1,2,1,1,1,0,0,0,0,1,0,0,0,0,1,0,1,1,0,0,0,0,NA,NA,NA,NA,3,0,1,0,0,1,0,0,0,0,0,0,0,0,0,1,0,0,0,0,0,4,3,4,4,4,1,0,1,1,4,1,4,3,3,6,6,0,0,99,99,99,NA,7
15868,0,1,38,15,25,0,1,1,1,1,0,0,1,0,0,1,1,0,0,1,0,0,0,0,2,1,1,1,1,1,1,1,1,1,1,0,0,0,0,0,0,1,0,0,1,0,0,0,0,4,4,NA,4,3,1,0,0,0,1,0,0,0,0,0,0,0,1,0,0,0,0,0,0,0,3,3,3,3,3,2,1,1,5,3,5,3,4,4,5,5,0,1,1,5,10,NA,10
15884,1,2,32,10,20,1,0,0,0,0,0,1,0,0,1,0,0,0,0,1,0,0,0,0,1,1,1,1,1,1,1,1,0,0,0,0,0,1,0,1,1,0,0,0,1,0,1,0,0,4,4,NA,4,2,1,0,0,0,1,0,0,0,0,0,0,0,0,1,0,0,0,0,0,0,3,2,2,5,3,2,1,1,4,4,2,4,1,2,1,4,0,0,96,96,96,NA,96
16015,0,2,36,12,24,1,0,0,0,0,0,1,0,0,1,0,0,1,1,0,0,0,0,0,1,1,2,1,1,1,1,1,0,0,1,0,0,0,0,1,1,1,0,1,0,0,0,1,0,NA,NA,NA,NA,NA,1,0,0,0,1,0,0,0,0,0,0,0,0,1,0,0,0,0,0,0,4,4,3,4,3,2,0,1,1,3,2,4,2,2,3,3,0,0,96,96,96,NA,96
16131,0,3,17,5,11,0,1,1,1,0,1,0,0,0,1,0,1,0,1,0,0,0,0,0,2,1,1,1,1,1,1,1,1,1,1,0,0,0,0,1,1,1,0,0,0,0,0,1,0,4,4,NA,4,3,0,1,0,0,1,0,0,0,0,0,0,0,0,0,1,0,0,0,0,0,4,4,4,4,4,2,1,1,3,3,2,4,3,3,3,3,0,1,6,8,96,NA,96
16332,0,1,46,17,26,1,0,1,0,0,0,0,0,0,1,1,1,0,1,0,0,0,0,0,2,1,1,1,3,1,1,1,1,1,1,0,0,0,0,0,1,1,0,0,1,0,0,0,0,5,5,NA,5,NA,1,0,0,0,1,0,0,0,0,0,0,1,0,0,0,0,0,0,0,0,4,4,3,4,4,2,1,1,2,4,3,4,3,1,6,6,0,1,99,99,96,NA,96
16381,0,1,51,19,30,1,0,0,0,0,0,1,0,0,1,0,0,1,1,0,0,0,0,0,1,1,1,1,1,1,1,1,1,1,1,0,1,0,0,0,0,1,0,0,1,0,0,0,0,5,5,NA,5,3,1,0,0,0,1,0,0,0,0,0,0,0,1,0,0,0,0,0,0,0,3,3,4,4,4,2,0,1,5,4,5,4,1,2,6,6,0,0,6,7,96,NA,96
16417,0,2,30,11,20,1,0,0,0,0,0,1,0,0,1,0,0,0,1,0,0,0,0,0,1,1,1,1,2,1,1,1,0,0,1,0,1,0,0,1,0,1,0,0,0,0,0,1,0,5,5,NA,5,2,0,0,1,0,1,0,0,0,0,0,0,0,0,1,0,0,0,0,0,0,4,5,5,5,5,2,1,1,2,4,2,3,2,2,4,4,1,1,99,99,96,NA,96
16635,0,1,26,8,13,0,0,0,0,0,0,1,0,0,1,0,0,0,1,0,0,0,0,0,2,1,1,1,1,1,1,1,0,1,0,0,0,0,0,0,0,1,0,0,0,0,0,1,0,NA,NA,NA,NA,NA,0,0,1,0,1,0,0,0,0,0,0,0,0,1,0,0,0,0,0,0,3,2,3,4,1,4,0,1,1,3,1,3,2,2,3,3,0,0,6,2,96,NA,96
16838,0,1,21,7,13,0,1,1,0,0,1,0,0,0,1,0,1,0,1,0,0,0,0,0,2,2,2,2,2,2,2,2,0,0,1,0,0,0,0,0,0,0,1,0,0,0,0,1,0,4,4,NA,4,2,0,0,1,0,0,0,1,0,0,0,0,0,0,0,1,0,0,0,0,0,1,3,1,1,4,4,0,1,1,3,3,4,1,1,NA,5,1,1,96,96,96,NA,96
16918,0,2,30,8,17,0,1,1,0,0,0,0,0,1,0,0,0,0,1,0,0,0,0,0,3,1,1,1,1,1,1,1,1,0,0,0,0,0,0,1,1,1,0,1,0,0,0,0,0,4,4,NA,4,1,1,0,0,0,1,0,0,0,0,0,0,0,0,1,0,0,0,0,0,0,4,3,3,4,3,2,1,1,6,4,6,4,2,2,5,5,0,0,5,8,96,NA,96
16963,0,1,44,16,25,0,1,1,0,0,0,0,0,0,1,1,1,0,1,0,0,0,0,0,1,1,1,1,1,1,1,1,0,0,1,0,1,0,0,0,0,1,0,1,0,0,0,0,0,NA,NA,NA,NA,1,1,0,0,0,1,0,0,0,0,0,0,0,0,0,0,1,0,0,0,0,4,2,4,4,3,2,0,1,2,3,1,3,3,3,6,1,1,0,3,4,99,NA,6
17022,1,2,19,6,15,0,0,0,0,0,0,1,0,0,1,0,0,0,1,0,0,0,0,0,1,1,1,1,1,1,1,1,0,0,1,0,0,0,0,1,0,1,0,0,0,0,0,1,0,NA,NA,NA,NA,2,0,0,1,0,1,0,0,0,0,0,0,0,1,0,0,0,0,0,0,0,5,3,5,5,5,1,1,1,1,4,1,4,1,1,NA,NA,1,1,96,96,96,NA,96
17091,0,2,30,9,20,1,0,0,0,0,0,1,0,0,1,1,0,0,1,0,0,0,0,0,1,1,1,1,1,1,1,1,1,1,1,0,1,0,0,1,1,1,0,0,1,1,0,0,0,4,4,NA,4,2,1,0,0,0,1,0,0,0,0,0,0,0,0,0,1,0,0,0,0,0,4,3,3,3,3,2,1,1,2,3,3,3,3,3,5,3,1,0,96,96,96,NA,96
17105,0,2,36,14,22,0,1,0,0,0,0,0,0,0,1,1,1,0,0,0,1,0,0,0,2,1,1,1,1,1,1,1,0,1,1,0,1,0,0,1,1,1,0,1,0,0,1,0,0,4,4,NA,4,2,1,0,0,0,1,0,0,0,0,0,0,1,0,0,0,0,0,0,0,0,4,3,3,4,3,2,1,1,2,4,2,4,3,3,5,4,1,1,9,8,99,NA,16
17293,1,1,38,16,21,0,0,0,0,0,0,1,1,0,0,0,0,1,1,0,0,0,0,0,2,1,1,1,1,1,1,1,0,0,0,0,1,0,0,1,1,0,0,1,0,0,0,0,0,4,4,NA,4,2,1,0,0,0,1,0,0,0,0,0,0,0,1,0,0,0,0,0,0,0,2,2,3,2,4,2,0,1,2,4,2,4,3,3,5,5,1,1,8,2,99,NA,10
17401,0,1,42,14,25,0,1,1,0,0,0,0,0,0,1,1,1,0,1,0,0,0,0,0,2,1,1,1,1,1,1,1,0,1,1,0,0,0,0,1,1,1,0,1,0,0,0,0,0,4,4,NA,4,NA,1,0,0,0,1,0,0,0,0,0,0,0,0,0,1,0,0,0,0,0,4,4,5,4,4,2,1,1,4,4,4,3,3,1,5,1,0,0,6,5,96,NA,96
17437,0,1,36,12,21,1,0,1,0,0,0,0,1,0,0,1,0,0,0,0,1,0,0,0,1,1,1,1,2,1,1,1,1,0,0,0,0,0,0,1,1,0,0,0,0,0,1,0,0,5,5,NA,5,3,1,0,0,0,1,0,0,0,0,0,0,0,0,1,0,0,0,0,0,0,4,3,3,3,4,2,0,1,5,3,5,4,4,3,6,6,1,1,96,96,96,NA,96
17488,1,2,16,8,7,1,0,0,0,0,0,1,0,0,1,0,0,0,1,0,0,0,0,0,4,3,2,1,4,2,1,2,0,0,0,0,0,1,0,0,0,0,1,0,0,0,1,0,0,1,1,NA,1,1,0,0,1,0,0,0,1,0,0,0,0,0,0,1,0,0,0,0,0,0,5,5,3,4,4,1,1,1,1,4,1,4,3,3,3,3,0,0,96,96,99,NA,21
17604,0,1,40,15,21,0,0,1,1,0,0,0,0,0,1,1,1,0,1,0,0,0,0,0,1,1,1,1,1,1,1,1,0,1,1,0,1,0,0,1,0,1,0,1,0,0,0,0,0,3,3,NA,3,NA,1,0,0,0,1,0,0,0,0,0,0,0,0,1,0,0,0,0,0,0,4,4,4,4,4,2,1,0,1,3,1,3,3,3,4,1,1,0,6,2,96,NA,96
17711,0,2,28,10,17,0,0,0,0,0,0,1,0,0,1,1,0,0,1,0,0,0,0,0,1,1,1,1,1,1,1,1,1,0,0,0,0,0,0,1,1,1,0,0,0,0,0,1,0,2,2,NA,2,2,0,0,1,0,1,0,0,0,0,0,0,0,0,1,0,0,0,0,0,0,4,3,5,4,4,2,0,1,1,4,1,3,1,2,3,1,0,1,1,2,96,NA,96
17791,1,2,23,11,13,0,0,0,0,0,0,1,0,0,1,0,0,0,1,0,0,0,0,0,1,1,1,1,2,1,1,2,0,1,0,0,0,0,0,1,0,1,0,0,0,0,0,1,0,2,2,NA,2,NA,0,0,1,0,0,0,0,0,0,1,0,0,0,0,1,0,0,0,0,0,5,5,5,5,2,4,0,1,2,3,1,3,3,3,3,3,1,0,6,4,96,NA,96
17915,1,1,15,5,7,0,0,0,0,0,0,1,0,0,1,0,0,0,0,0,0,0,0,1,2,1,2,1,1,1,1,1,1,1,1,0,1,0,0,1,0,0,0,0,0,0,0,1,0,4,4,NA,4,1,0,0,1,0,1,0,0,0,0,0,0,1,0,0,0,0,0,0,0,0,3,3,3,4,2,3,0,1,3,3,3,3,2,1,3,3,1,0,9,5,99,NA,8
17928,0,2,31,10,19,1,1,1,1,1,1,0,0,0,1,1,1,0,1,0,0,0,0,0,3,1,2,2,3,4,1,1,0,0,1,0,0,0,0,0,0,1,0,0,0,0,0,1,0,2,2,NA,2,3,0,0,1,0,1,0,0,0,0,0,0,0,0,0,1,0,0,0,0,0,2,5,2,2,3,3,1,1,5,4,4,4,2,1,3,5,1,0,96,96,96,NA,96
18009,0,1,44,14,26,0,0,0,0,0,0,1,0,0,1,0,0,1,1,0,0,0,0,0,2,1,1,1,1,1,1,1,1,1,1,0,1,0,0,1,0,1,0,0,0,1,0,0,0,5,5,NA,5,2,1,0,0,0,1,0,0,0,0,0,0,0,1,0,0,0,0,0,0,0,3,3,4,3,4,3,1,1,4,4,2,3,3,2,6,6,1,0,6,4,99,NA,8
18011,0,2,33,11,24,0,0,1,0,1,0,0,0,0,1,1,1,0,1,0,0,0,0,0,1,1,1,1,1,1,1,1,1,1,1,0,1,0,0,1,1,1,0,0,1,0,0,0,0,5,5,NA,5,3,1,0,0,0,1,0,0,0,0,0,0,1,0,0,0,0,0,0,0,0,2,3,5,2,4,2,1,1,1,3,1,3,2,4,5,6,1,1,9,8,96,NA,96
18082,1,1,34,12,22,1,1,1,0,1,0,0,0,1,0,1,1,0,1,0,0,0,0,0,2,1,1,1,2,2,1,1,1,0,0,0,1,0,0,0,1,1,0,0,1,0,0,0,0,4,4,NA,4,3,1,0,0,0,1,0,0,0,0,0,0,0,0,1,0,0,0,0,0,0,4,3,2,3,3,2,1,1,4,4,4,4,2,2,5,5,1,1,6,3,96,NA,96
18173,0,1,44,17,24,1,0,0,0,0,0,1,0,0,1,0,0,0,0,0,1,1,0,0,1,1,1,1,2,1,1,1,0,1,0,0,0,0,0,1,0,0,0,1,0,0,0,0,0,5,5,NA,5,3,1,0,0,0,1,0,0,0,0,0,0,0,1,0,0,0,0,0,0,0,4,3,3,4,4,1,1,1,2,3,3,3,2,1,5,6,1,0,6,2,97,NA,16
18279,1,1,21,8,12,0,0,0,0,0,0,1,0,0,1,0,0,0,1,0,0,0,0,0,2,1,1,2,2,2,1,1,0,0,0,0,1,0,0,1,1,0,0,1,0,1,0,0,0,4,4,NA,4,2,1,0,0,0,1,0,0,0,0,0,0,1,0,0,0,0,0,0,0,0,5,5,4,5,4,2,1,1,3,3,2,3,1,2,5,6,1,1,1,2,96,NA,96
18299,0,2,27,13,16,1,0,0,0,0,0,1,0,0,1,0,0,0,0,0,0,0,1,0,3,1,1,1,1,1,1,1,0,0,0,0,0,1,0,1,1,0,0,0,0,1,0,0,0,5,5,NA,5,3,1,0,0,0,1,0,0,0,0,0,0,0,0,0,0,1,0,0,0,0,5,4,3,5,4,1,1,1,1,3,1,3,2,3,5,4,1,0,12,2,99,NA,5
18447,1,2,41,15,24,0,0,1,0,0,0,0,0,0,1,0,0,1,1,0,0,0,0,0,1,1,1,1,1,1,1,1,1,1,1,0,1,0,0,0,0,1,0,1,0,0,0,0,0,4,4,NA,4,3,0,1,0,0,1,0,0,0,0,0,0,1,0,0,0,0,0,0,0,0,4,5,4,4,4,3,1,1,5,4,4,4,2,3,5,1,0,0,8,8,96,NA,96
18463,0,1,40,17,23,1,0,0,0,0,0,1,0,0,1,1,0,0,1,0,0,0,0,0,2,1,2,1,2,1,1,1,1,0,0,0,1,0,0,0,0,1,0,1,0,0,0,0,0,3,3,NA,3,NA,1,0,0,0,1,0,0,0,0,0,0,0,0,1,0,0,0,0,0,0,4,3,2,4,4,2,0,1,3,4,3,4,2,2,4,4,0,0,6,4,96,NA,96
18520,1,3,12,2,7,0,0,0,0,0,0,1,0,0,0,0,0,0,NA,NA,NA,NA,NA,NA,2,1,1,1,1,1,1,1,NA,NA,NA,NA,NA,NA,NA,NA,NA,NA,NA,NA,NA,NA,NA,NA,NA,3,3,NA,3,1,0,0,0,1,1,0,0,0,0,0,0,0,0,1,0,0,0,0,0,0,4,5,3,4,4,2,1,0,2,4,2,3,3,3,2,4,0,1,6,3,99,NA,98
18541,0,1,35,11,24,1,1,1,1,1,0,0,0,0,1,1,1,0,1,0,0,0,0,0,2,1,2,1,2,2,1,1,0,1,0,0,0,0,0,0,1,1,0,1,1,1,0,0,0,NA,NA,NA,NA,NA,1,0,0,0,1,0,0,0,0,0,0,0,0,1,0,0,0,0,0,0,4,4,3,4,4,2,1,1,4,4,4,4,3,3,1,4,0,1,6,7,96,NA,96
18571,0,1,44,14,23,0,0,0,0,0,0,1,0,0,1,1,0,0,0,0,0,0,1,0,2,1,1,1,1,1,1,1,1,1,1,0,1,0,0,1,1,0,0,1,0,0,0,0,0,4,4,NA,4,NA,1,0,0,0,1,0,0,0,0,0,0,0,0,1,0,0,0,0,0,0,5,4,5,4,4,2,1,1,6,3,5,3,1,3,5,NA,1,0,1,4,96,NA,7
18679,1,1,13,4,7,0,0,0,0,0,0,1,0,0,1,0,0,0,1,0,0,0,0,0,3,1,1,1,1,1,1,1,0,0,1,0,1,0,0,1,1,0,0,0,0,0,0,1,0,NA,NA,NA,NA,2,0,0,1,0,1,0,0,0,0,0,0,0,0,0,0,0,0,1,0,0,4,3,4,4,4,NA,NA,1,5,3,5,4,1,1,5,5,0,0,6,3,96,NA,96
18739,0,3,31,14,16,1,0,0,0,0,0,1,0,0,1,1,0,0,1,0,0,0,0,0,2,1,1,1,1,1,1,1,1,0,0,0,1,0,0,1,0,1,0,0,0,1,0,0,0,3,3,NA,3,1,0,1,0,0,1,0,0,0,0,0,0,0,1,0,0,0,0,0,0,0,5,4,4,5,3,2,0,1,2,3,1,3,3,3,4,4,0,0,99,99,99,NA,14
18786,1,2,23,7,14,1,1,1,1,0,1,0,0,0,1,0,1,0,1,0,0,0,0,0,2,1,1,1,1,1,1,1,0,0,0,0,0,1,0,0,1,1,0,0,0,0,0,1,0,2,2,NA,2,3,0,1,0,0,1,0,0,0,0,0,0,0,1,0,0,0,0,0,0,0,5,4,4,4,4,2,1,1,1,4,2,4,3,3,3,3,0,0,4,3,96,NA,96
18828,1,1,25,9,17,1,0,0,0,0,0,1,0,0,1,0,0,0,1,0,0,0,0,0,1,1,1,1,1,1,1,1,0,0,0,0,0,1,0,0,0,0,1,0,0,0,0,1,0,4,4,NA,4,NA,0,0,1,0,1,0,0,0,0,0,0,0,0,1,0,0,0,0,0,0,4,3,4,4,4,1,NA,1,4,3,2,3,3,2,3,3,1,0,96,96,96,NA,96
19024,0,1,38,16,22,0,0,0,0,0,0,1,0,0,1,0,0,1,0,1,0,0,0,0,1,1,1,1,1,1,1,1,1,1,0,0,0,0,0,0,0,1,0,0,0,1,0,0,0,5,5,NA,5,2,1,0,0,0,1,0,0,0,0,0,0,0,0,1,0,0,0,0,0,0,4,2,5,4,4,2,0,1,3,4,4,4,4,1,6,6,1,1,1,5,99,NA,8
19073,0,1,31,10,18,0,1,1,1,0,0,0,0,0,1,1,1,0,1,0,0,0,0,0,1,1,2,1,1,1,1,1,0,1,1,0,0,0,0,1,1,1,0,1,0,0,0,0,0,4,4,NA,4,2,1,0,0,0,1,0,0,0,0,0,0,0,0,1,0,0,0,0,0,0,2,3,2,2,2,4,0,1,4,3,2,4,2,1,3,4,1,0,6,8,99,NA,17
19273,0,1,44,14,25,0,1,0,0,1,0,0,0,0,1,1,1,0,1,0,0,0,0,0,1,1,1,1,1,1,1,1,1,1,0,0,1,0,0,0,1,1,0,0,0,1,0,0,0,4,4,NA,4,2,1,0,0,0,1,0,0,0,0,0,0,0,0,1,0,0,0,0,0,0,3,3,3,3,3,2,0,1,5,3,2,3,1,1,5,1,1,1,9,8,99,NA,8
19274,0,1,25,14,15,1,0,0,0,0,0,1,0,0,1,1,1,0,1,0,0,0,0,0,2,1,1,1,2,1,1,1,1,1,1,0,1,0,0,0,1,1,0,0,0,0,0,1,0,3,3,NA,3,2,0,0,1,0,0,1,0,0,0,0,0,0,0,0,1,0,0,0,0,0,4,5,4,4,5,2,1,1,3,3,3,4,1,3,NA,5,1,1,3,3,99,NA,7
19334,0,1,32,9,22,1,0,0,0,1,0,0,0,0,1,1,1,0,0,0,0,0,1,0,2,1,1,1,2,1,1,1,1,1,1,0,1,0,0,1,1,0,0,0,0,1,0,0,0,4,4,NA,4,2,1,0,0,0,1,0,0,0,0,0,0,0,0,1,0,0,0,0,0,0,4,3,2,4,4,2,NA,1,2,3,2,4,3,3,5,5,0,1,6,3,96,NA,96
19404,0,1,38,10,21,0,1,0,0,0,0,0,0,0,1,1,1,0,0,0,1,0,0,0,2,1,1,2,2,2,1,1,1,0,1,0,1,0,0,0,0,1,0,1,0,0,0,0,0,5,5,NA,5,2,1,0,0,0,1,0,0,0,0,0,0,0,0,0,0,0,1,0,0,0,5,4,4,4,5,2,1,1,5,3,5,4,3,3,5,5,0,0,96,96,99,NA,9
19549,1,1,10,6,5,1,0,0,0,0,0,1,0,0,1,0,0,0,1,0,0,0,0,0,2,2,2,2,1,2,1,1,0,0,0,0,0,1,0,0,0,0,1,0,0,0,1,0,0,1,1,NA,1,2,0,1,0,0,1,0,0,0,0,0,0,0,0,0,0,1,0,0,0,0,2,2,2,3,2,2,0,1,1,3,1,3,1,1,2,2,1,1,1,6,99,NA,8
19590,0,1,45,16,27,1,1,1,0,0,0,0,0,0,1,1,1,0,1,0,0,0,0,0,3,1,1,1,2,1,1,1,1,1,1,0,1,0,0,0,0,1,0,1,0,0,0,0,0,NA,NA,NA,NA,3,1,0,0,0,1,0,0,0,0,0,0,0,1,0,0,0,0,0,0,0,4,4,4,5,5,3,1,1,5,4,5,4,3,4,4,5,0,0,8,97,96,NA,96
19613,0,2,40,17,26,1,0,0,0,0,0,1,0,0,1,1,1,0,1,0,0,0,0,0,2,1,1,1,2,1,1,1,1,0,0,0,0,0,0,0,0,1,0,0,1,0,0,0,0,4,4,NA,4,2,1,0,0,0,1,0,0,0,0,0,0,0,0,1,0,0,0,0,0,0,3,2,3,2,3,1,0,1,1,4,2,4,3,3,4,5,1,1,1,3,99,NA,8
19703,1,1,24,8,11,1,1,1,1,0,1,0,0,0,0,0,1,0,1,0,0,0,0,0,2,1,1,1,2,1,1,1,0,0,1,0,1,0,0,1,0,1,0,0,0,0,0,1,0,5,5,NA,5,2,0,0,1,0,0,1,0,0,0,0,0,0,0,0,0,0,1,0,0,0,3,3,3,4,3,2,1,1,1,2,2,2,1,3,1,1,1,0,6,8,96,NA,96
